UUID,Transmitting time,Collecting time,Longitude,Latitude,Altitude,Altitude (Ellipsoid),Speed,North Speed,East Speed,Down Speed,Course,Satellite used,Positioning mode,HorAccuracy,VerAccuracy,GPS time consumption,Data Source,HDOP,VDOP
2c000014a2,2026-07-17T11:47:19.763Z,2026-07-01T00:00:41Z,141.4332288,43.0715488,34,64.9,0,0,0,0,0,8,2,-99999.9,-99999.9,39,[1],1.58,1.78
2c000014a2,2026-07-17T11:47:19.765Z,2026-07-01T00:12:11Z,141.4334464,43.0716224,3.4,34.3,0.2,0,0,0,0,7,2,-99999.9,-99999.9,129,[1],1.75,1.97
2c000014a2,2026-07-17T11:47:19.767Z,2026-07-01T00:30:56Z,141.4303744,43.07248,20.1,51,0,0,0,0,0,6,2,-99999.9,-99999.9,53,[1],1.2,1.53
2c000014a2,2026-07-17T11:47:19.769Z,2026-07-01T00:50:40.5Z,141.430144,43.0726432,57.3,88.2,0,0,0,0,0,5,2,-99999.9,-99999.9,38,[1],2.27,1.96
2c000014a2,2026-07-17T11:47:19.772Z,2026-07-01T01:00:49Z,141.4302336,43.0724608,13.5,44.4,0,0,0,0,0,8,2,-99999.9,-99999.9,47,[1],1.55,2.07
2c000014a2,2026-07-17T11:47:19.773Z,2026-07-01T01:10:31Z,141.4302848,43.0724992,13.4,44.3,0,0,0,0,0,6,2,-99999.9,-99999.9,27,[1],1.56,2.27
2c000014a2,2026-07-17T11:47:19.775Z,2026-07-01T01:20:31Z,141.4302848,43.0725056,19.2,50.1,0,0,0,0,0,8,2,-99999.9,-99999.9,28,[1],1.15,1.64
2c000014a2,2026-07-17T11:47:19.778Z,2026-07-01T01:30:31.01Z,141.4302848,43.0722784,22,52.9,0,0,0,0,0,7,2,-99999.9,-99999.9,28,[1],1.16,1.47
2c000014a2,2026-07-17T11:47:19.779Z,2026-07-01T01:40:55Z,141.4303872,43.0725504,21.9,52.8,0,0,0,0,0,8,2,-99999.9,-99999.9,53,[1],0.98,1.47
2c000014a2,2026-07-17T11:47:19.781Z,2026-07-01T01:46:49Z,141.4327424,43.0725568,18.7,49.6,0.3,0,0,0,0,5,2,-99999.9,-99999.9,47,[1],2.04,2.77
2c000014a2,2026-07-17T11:47:19.783Z,2026-07-01T01:50:31Z,141.4295808,43.076192,7,37.9,0,0,0,0,0,4,2,-99999.9,-99999.9,28,[1],2.53,4.23
2c000014a2,2026-07-17T11:47:19.818Z,2026-07-01T02:00:32Z,141.4297472,43.0770432,21.4,52.3,0,0,0,0,0,5,2,-99999.9,-99999.9,28,[1],2.48,2.35
2c000014a2,2026-07-17T11:47:19.82Z,2026-07-01T02:11:25Z,141.4292608,43.0767296,20.1,51,0,0,0,0,0,9,2,-99999.9,-99999.9,83,[1],1.44,1.23
2c000014a2,2026-07-17T11:47:19.822Z,2026-07-01T02:30:06.99Z,141.4295296,43.076928,12.2,43.1,0.1,0,0,0,0,7,2,-99999.9,-99999.9,5,[2],0.98,1.18
2c000014a2,2026-07-17T11:47:19.824Z,2026-07-01T02:40:03.5Z,141.4294528,43.0767872,20.5,51.4,1.2,0,0,0,0,8,2,-99999.9,-99999.9,2,[2],1.02,1.15
2c000014a2,2026-07-17T11:47:19.825Z,2026-07-01T02:50:06Z,141.429632,43.076928,7.4,38.3,0.3,0,0,0,0,9,2,-99999.9,-99999.9,5,[2],1.01,1.24
2c000014a2,2026-07-17T11:47:19.828Z,2026-07-01T03:00:06Z,141.4298368,43.077104,38.3,69.2,0.2,0,0,0,0,9,2,-99999.9,-99999.9,5,[2],1.45,1.85
2c000014a2,2026-07-17T11:47:19.831Z,2026-07-01T03:10:04Z,141.433856,43.0793184,-10.2,20.7,1.4,0,0,0,0,6,2,-99999.9,-99999.9,3,[2],1.66,1.95
2c000014a2,2026-07-17T11:47:19.832Z,2026-07-01T03:12:04Z,141.4340608,43.0794336,36.4,67.3,0.9,0,0,0,253.5,8,2,-99999.9,-99999.9,3,[2],1.04,1.11
2c000014a2,2026-07-17T11:47:19.834Z,2026-07-01T03:14:05Z,141.434176,43.079296,51.2,82.1,0.1,0,0,0,0,9,2,-99999.9,-99999.9,4,[2],1.04,1.09
2c000014a2,2026-07-17T11:47:19.836Z,2026-07-01T03:16:04Z,141.4339712,43.0792608,32.5,63.4,3.1,0,0,0,55.4,7,2,-99999.9,-99999.9,3,[2],1.12,1.25
2c000014a2,2026-07-17T11:47:19.838Z,2026-07-01T03:18:04Z,141.4338944,43.079392,-1,29.9,0.4,0,0,0,0,8,2,-99999.9,-99999.9,3,[2],1.07,1.31
2c000014a2,2026-07-17T11:47:19.84Z,2026-07-01T03:20:07Z,141.4339584,43.0793632,26,56.9,0.5,0,0,0,0,7,2,-99999.9,-99999.9,6,[2],1.21,1.45
2c000014a2,2026-07-17T11:47:19.841Z,2026-07-01T03:22:06Z,141.4340224,43.0794112,13.4,44.3,0.6,0,0,0,0,8,2,-99999.9,-99999.9,5,[2],1.12,1.19
2c000014a2,2026-07-17T11:47:19.885Z,2026-07-01T03:24:13Z,141.4339328,43.079456,24.6,55.5,0.1,0,0,0,0,9,2,-99999.9,-99999.9,12,[2],1.08,1.15
2c000014a2,2026-07-17T11:47:19.886Z,2026-07-01T03:30:10Z,141.4337152,43.079408,-24.5,6.4,0.4,0,0,0,264.8,8,2,-99999.9,-99999.9,9,[2],1.53,2.03
2c000014a2,2026-07-17T11:47:19.888Z,2026-07-01T03:36:04Z,141.4296576,43.0769888,43.4,74.3,0.7,0,0,0,0,4,2,-99999.9,-99999.9,3,[2],1.93,1.57
2c000014a2,2026-07-17T11:47:19.89Z,2026-07-01T03:38:04Z,141.4297088,43.0770272,57.5,88.4,0.5,0,0,0,0,4,2,-99999.9,-99999.9,3,[2],1.93,1.55
2c000014a2,2026-07-17T11:47:19.892Z,2026-07-01T03:40:04Z,141.4298496,43.0769664,32.9,63.8,2.8,0,0,0,237,4,2,-99999.9,-99999.9,3,[2],1.94,1.53
2c000014a2,2026-07-17T11:47:19.894Z,2026-07-01T03:42:07Z,141.4297088,43.0771136,45.9,76.8,0,0,0,0,0,4,2,-99999.9,-99999.9,6,[2],1.94,1.51
2c000014a2,2026-07-17T11:47:19.895Z,2026-07-01T03:43:09Z,141.4295552,43.0770368,26,56.9,0.1,0,0,0,0,4,2,-99999.9,-99999.9,8,[2],1.94,1.5
2c000014a2,2026-07-17T11:47:19.898Z,2026-07-01T03:44:05Z,141.4295168,43.0769856,26.8,57.7,0,0,0,0,0,4,2,-99999.9,-99999.9,4,[2],1.95,1.49
2c000014a2,2026-07-17T11:47:19.899Z,2026-07-01T03:45:06Z,141.4297216,43.0768992,21.5,52.4,0.8,0,0,0,0,4,2,-99999.9,-99999.9,5,[2],1.95,1.48
2c000014a2,2026-07-17T11:47:19.901Z,2026-07-01T03:46:06Z,141.42976,43.077184,27.7,58.6,0.9,0,0,0,0,4,2,-99999.9,-99999.9,5,[2],1.95,1.48
2c000014a2,2026-07-17T11:47:19.903Z,2026-07-01T03:48:09Z,141.430144,43.0770688,65.6,96.5,0.2,0,0,0,0,4,2,-99999.9,-99999.9,8,[2],1.96,1.46
2c000014a2,2026-07-17T11:47:19.905Z,2026-07-01T03:50:14Z,141.429888,43.0771488,38.5,69.4,0.4,0,0,0,0,4,2,-99999.9,-99999.9,13,[2],1.97,1.44
2c000014a2,2026-07-17T11:47:19.907Z,2026-07-01T03:52:07Z,141.4297472,43.0770688,15.7,46.6,0.4,0,0,0,0,4,2,-99999.9,-99999.9,6,[2],1.98,1.43
2c000014a2,2026-07-17T11:47:19.937Z,2026-07-01T03:54:04Z,141.4301184,43.077264,2.2,33.1,1.9,0,0,0,292.3,3,2,-99999.9,-99999.9,3,[2],2.74,2.01
2c000014a2,2026-07-17T11:47:19.938Z,2026-07-01T03:56:17Z,141.4297088,43.0768864,7.2,38.1,1.1,0,0,0,0,4,2,-99999.9,-99999.9,16,[2],1.99,1.41
2c000014a2,2026-07-17T11:47:19.94Z,2026-07-01T03:58:13Z,141.429568,43.0770272,38.9,69.8,0.6,0,0,0,0,4,2,-99999.9,-99999.9,12,[2],2,1.4
2c000014a2,2026-07-17T11:47:19.942Z,2026-07-01T04:00:39Z,141.4293632,43.076976,21.6,52.5,0,0,0,0,0,7,2,-99999.9,-99999.9,38,[1],1.94,3.27
2c000014a2,2026-07-17T11:47:19.944Z,2026-07-01T04:10:12Z,141.4296064,43.077184,56.2,87.1,0.1,0,0,0,0,7,2,-99999.9,-99999.9,11,[2],2.02,3.1
2c000014a2,2026-07-17T11:47:19.945Z,2026-07-01T04:20:09Z,141.430144,43.0778816,22.1,53,0,0,0,0,0,8,2,-99999.9,-99999.9,8,[2],1.12,1.49
2c000014a2,2026-07-17T11:47:19.948Z,2026-07-01T04:30:07Z,141.4304256,43.0777088,15.8,46.7,0.1,0,0,0,0,8,2,-99999.9,-99999.9,6,[2],1.13,1.51
2c000014a2,2026-07-17T11:47:19.95Z,2026-07-01T04:40:09Z,141.4296576,43.0769664,-2.2,28.7,0.4,0,0,0,0,8,2,-99999.9,-99999.9,8,[2],1.17,1.81
2c000014a2,2026-07-17T11:47:19.951Z,2026-07-01T04:50:31Z,141.4296704,43.0768672,19.8,50.7,0,0,0,0,0,9,2,-99999.9,-99999.9,29,[1],1.08,1.67
2c000014a2,2026-07-17T11:47:19.953Z,2026-07-01T05:00:12Z,141.429504,43.0768704,12,42.9,0.1,0,0,0,0,9,2,-99999.9,-99999.9,11,[2],1.1,1.66
2c000014a2,2026-07-17T11:47:19.956Z,2026-07-01T05:10:08Z,141.4296576,43.0767872,12.6,43.5,0.1,0,0,0,0,8,2,-99999.9,-99999.9,7,[2],1.27,2.35
2c000014a2,2026-07-17T11:47:19.957Z,2026-07-01T05:20:25Z,141.4299264,43.076816,-5.9,25,0.4,0,0,0,0,8,2,-99999.9,-99999.9,24,[2],1.27,2.22
2c000014a2,2026-07-17T11:47:19.959Z,2026-07-01T06:00:50Z,141.4310784,43.0781696,7.9,38.8,0.1,0,0,0,0,7,2,-99999.9,-99999.9,50,[1],1.44,1.75
2c000014a2,2026-07-17T11:47:19.999Z,2026-07-01T06:51:27Z,141.4297216,43.0769504,-19.9,11,0.6,0,0,0,340.8,7,2,-99999.9,-99999.9,84,[1],1.72,2.4
2c000014a2,2026-07-17T11:47:20Z,2026-07-01T08:00:40.51Z,141.4325504,43.0785536,35.1,66,0,0,0,0,0,4,2,-99999.9,-99999.9,37,[1],1.84,2.48
2c000014a2,2026-07-17T11:47:20.002Z,2026-07-01T08:30:31.01Z,141.4283136,43.0740704,14,44.9,0,0,0,0,0,6,2,-99999.9,-99999.9,28,[2],2.14,1.83
2c000014a2,2026-07-17T11:47:20.015Z,2026-07-01T12:00:31Z,141.344768,43.1250368,34,65,0,0,0,0,0,4,2,-99999.9,-99999.9,29,[1],2.82,1.51
2c000014a2,2026-07-17T11:47:20.017Z,2026-07-01T18:00:31.01Z,141.344768,43.125088,30,61,0,0,0,0,0,6,2,-99999.9,-99999.9,31,[1],1.65,2.05
2c000014a2,2026-07-17T11:47:20.019Z,2026-07-01T23:31:19Z,141.4338432,43.0776928,16.2,47.1,0,0,0,0,0,6,2,-99999.9,-99999.9,80,[1],1.61,2.52
2c000014a2,2026-07-17T11:47:20.021Z,2026-07-02T00:00:07Z,141.424256,43.0922016,-19.5,11.4,0,0,0,0,0,5,2,-99999.9,-99999.9,4,"[1,2]",1.69,2.84
2c000014a2,2026-07-17T11:47:20.023Z,2026-07-02T00:10:07Z,141.4246272,43.0921056,18.1,49,0.4,0,0,0,0,6,2,-99999.9,-99999.9,4,[2],1.34,2.42
2c000014a2,2026-07-17T11:47:20.027Z,2026-07-02T00:20:06Z,141.424448,43.0922912,124.6,155.5,2.5,0,0,0,40.8,5,2,-99999.9,-99999.9,3,[2],1.87,3.81
2c000014a2,2026-07-17T11:47:20.028Z,2026-07-02T00:30:09Z,141.4246656,43.0919488,21.7,52.6,0,0,0,0,0,6,2,-99999.9,-99999.9,6,[2],1.3,1.9
2c000014a2,2026-07-17T11:47:20.031Z,2026-07-02T00:36:10Z,141.424448,43.0923072,79.4,110.3,0,0,0,0,0,6,2,-99999.9,-99999.9,7,[2],1.31,1.76
2c000014a2,2026-07-17T11:47:20.034Z,2026-07-02T00:38:06Z,141.4240896,43.0917888,25.2,56.1,0,0,0,0,0,6,2,-99999.9,-99999.9,3,[2],1.32,1.72
2c000014a2,2026-07-17T11:47:20.036Z,2026-07-02T00:40:06Z,141.4242688,43.0918592,-4,26.9,0.2,0,0,0,0,6,2,-99999.9,-99999.9,3,[2],1.33,1.68
2c000014a2,2026-07-17T11:47:20.078Z,2026-07-02T00:42:07Z,141.4240512,43.0916736,9.1,40,0.1,0,0,0,0,6,2,-99999.9,-99999.9,4,[2],1.33,1.64
2c000014a2,2026-07-17T11:47:20.079Z,2026-07-02T00:44:06Z,141.4243328,43.091808,-0.9,30,0.1,0,0,0,0,6,2,-99999.9,-99999.9,3,[2],1.34,1.6
2c000014a2,2026-07-17T11:47:20.082Z,2026-07-02T00:46:06Z,141.4247296,43.091888,25.8,56.7,0.9,0,0,0,0,5,2,-99999.9,-99999.9,3,[2],2.97,3.56
2c000014a2,2026-07-17T11:47:20.083Z,2026-07-02T00:48:06Z,141.4244864,43.0920672,-4.4,26.5,0.9,0,0,0,0,6,2,-99999.9,-99999.9,3,[2],1.36,1.53
2c000014a2,2026-07-17T11:47:20.085Z,2026-07-02T00:50:06Z,141.4243584,43.0916224,42.8,73.7,0.1,0,0,0,0,5,2,-99999.9,-99999.9,3,[2],2.94,3.44
2c000014a2,2026-07-17T11:47:20.087Z,2026-07-02T00:52:20Z,141.422336,43.0924416,-86.3,-55.4,0.3,0,0,0,0,6,2,-99999.9,-99999.9,17,[2],1.38,1.46
2c000014a2,2026-07-17T11:47:20.089Z,2026-07-02T00:54:21Z,141.4232192,43.0924384,31.5,62.4,0.4,0,0,0,0,5,2,-99999.9,-99999.9,18,[2],2.89,3.3
2c000014a2,2026-07-17T11:47:20.09Z,2026-07-02T01:00:10Z,141.4232832,43.0924768,71,101.9,1.5,0,0,0,273.9,6,2,-99999.9,-99999.9,7,[2],1.44,1.36
2c000014a2,2026-07-17T11:47:20.092Z,2026-07-02T01:10:06Z,141.4228992,43.0927456,-72.4,-41.5,1.1,0,0,0,95.9,5,2,-99999.9,-99999.9,3,[2],2.89,4.06
2c000014a2,2026-07-17T11:47:20.093Z,2026-07-02T01:12:07Z,141.4227584,43.092544,9.9,40.8,0.1,0,0,0,0,5,2,-99999.9,-99999.9,3,[2],2.79,3.76
2c000014a2,2026-07-17T11:47:20.095Z,2026-07-02T01:14:08Z,141.4225408,43.092368,-28.7,2.2,2.6,0,0,0,239.3,4,2,-99999.9,-99999.9,4,[2],2.91,3.54
2c000014a2,2026-07-17T11:47:20.097Z,2026-07-02T01:16:07Z,141.4229632,43.0925952,23,53.9,0.1,0,0,0,0,5,2,-99999.9,-99999.9,3,[2],2.65,3.29
2c000014a2,2026-07-17T11:47:20.099Z,2026-07-02T01:18:06Z,141.4229376,43.0924864,33.3,64.2,0,0,0,0,0,5,2,-99999.9,-99999.9,2,[2],2.61,3.1
2c000014a2,2026-07-17T11:47:20.137Z,2026-07-02T01:20:06Z,141.42336,43.0924992,73,103.9,0.7,0,0,0,284.4,5,2,-99999.9,-99999.9,2,[2],2.58,2.94
2c000014a2,2026-07-17T11:47:20.139Z,2026-07-02T01:22:08Z,141.422976,43.0926752,3.7,34.6,0.5,0,0,0,0,5,2,-99999.9,-99999.9,5,[2],2.56,2.8
2c000014a2,2026-07-17T11:47:20.141Z,2026-07-02T01:24:08Z,141.422912,43.0925216,41.1,72,0.3,0,0,0,0,5,2,-99999.9,-99999.9,4,[2],2.56,2.68
2c000014a2,2026-07-17T11:47:20.143Z,2026-07-02T01:26:09Z,141.4231296,43.09248,55.4,86.3,1.2,0,0,0,99,5,2,-99999.9,-99999.9,6,[2],2.57,2.57
2c000014a2,2026-07-17T11:47:20.145Z,2026-07-02T01:28:07Z,141.4230144,43.0924864,36.2,67.1,0.5,0,0,0,0,5,2,-99999.9,-99999.9,3,[2],2.58,2.48
2c000014a2,2026-07-17T11:47:20.146Z,2026-07-02T01:30:05Z,141.4233088,43.092384,27.9,58.8,8,0,0,0,106.3,5,2,-99999.9,-99999.9,2,[2],2.61,2.4
2c000014a2,2026-07-17T11:47:20.149Z,2026-07-02T01:31:05Z,141.4228352,43.0924576,-17.4,13.5,0.8,0,0,0,305.2,5,2,-99999.9,-99999.9,2,[4],2.62,2.36
2c000014a2,2026-07-17T11:47:20.151Z,2026-07-02T01:32:07Z,141.4243712,43.0917856,20.5,51.4,0.2,0,0,0,0,5,2,-99999.9,-99999.9,3,"[2,4]",2.64,2.33
2c000014a2,2026-07-17T11:47:20.154Z,2026-07-02T01:33:06Z,141.4244224,43.0918048,14.6,45.5,0.2,0,0,0,0,5,2,-99999.9,-99999.9,3,[4],2.66,2.29
2c000014a2,2026-07-17T11:47:20.156Z,2026-07-02T01:34:08Z,141.4243328,43.091872,4.1,35,0.4,0,0,0,0,5,2,-99999.9,-99999.9,4,[2],2.69,2.26
2c000014a2,2026-07-17T11:47:20.158Z,2026-07-02T01:36:31Z,141.4244352,43.0918912,4.6,35.5,0,0,0,0,0,6,2,-99999.9,-99999.9,28,[2],1.39,2.03
2c000014a2,2026-07-17T11:47:20.16Z,2026-07-02T01:40:06Z,141.4239616,43.0913472,12.7,43.6,0.1,0,0,0,0,6,2,-99999.9,-99999.9,3,[2],1.38,2
2c000014a2,2026-07-17T11:47:20.162Z,2026-07-02T01:42:05Z,141.4241536,43.0913696,-31.8,-0.9,0.2,0,0,0,0,5,2,-99999.9,-99999.9,2,[2],2.29,3.53
2c000014a2,2026-07-17T11:47:20.198Z,2026-07-02T01:44:06Z,141.423936,43.0912832,2.8,33.7,0,0,0,0,0,5,2,-99999.9,-99999.9,3,[2],1.45,2.02
2c000014a2,2026-07-17T11:47:20.2Z,2026-07-02T01:46:05Z,141.4239744,43.0914048,-4.5,26.4,0,0,0,0,0,6,2,-99999.9,-99999.9,2,[2],1.37,1.95
2c000014a2,2026-07-17T11:47:20.203Z,2026-07-02T01:48:05Z,141.4240512,43.0912928,19.6,50.5,1.4,0,0,0,0,4,2,-99999.9,-99999.9,2,[2],1.58,3.01
2c000014a2,2026-07-17T11:47:20.209Z,2026-07-02T01:50:05Z,141.4241152,43.0912832,26.6,57.5,1.2,0,0,0,0,6,2,-99999.9,-99999.9,2,[2],1.37,1.91
2c000014a2,2026-07-17T11:47:20.211Z,2026-07-02T01:52:06Z,141.4240512,43.0912704,11.6,42.5,0,0,0,0,0,6,2,-99999.9,-99999.9,3,[2],1.37,1.88
2c000014a2,2026-07-17T11:47:20.214Z,2026-07-02T01:54:05Z,141.4241024,43.0912672,38.5,69.4,0.4,0,0,0,0,6,2,-99999.9,-99999.9,2,[2],1.4,1.93
2c000014a2,2026-07-17T11:47:20.216Z,2026-07-02T01:56:05Z,141.424,43.0912128,35.7,66.6,0.2,0,0,0,0,5,2,-99999.9,-99999.9,3,[2],2.18,3.37
2c000014a2,2026-07-17T11:47:20.218Z,2026-07-02T01:58:05Z,141.4240128,43.0913504,7.4,38.3,1.2,0,0,0,302.5,6,2,-99999.9,-99999.9,2,[2],1.36,1.82
2c000014a2,2026-07-17T11:47:20.219Z,2026-07-02T02:00:05Z,141.4240128,43.0910656,29.3,60.2,0.5,0,0,0,0,6,2,-99999.9,-99999.9,3,[2],1.36,1.79
2c000014a2,2026-07-17T11:47:20.221Z,2026-07-02T02:02:05Z,141.4239616,43.0914624,14,44.9,0.9,0,0,0,328.1,4,2,-99999.9,-99999.9,3,[2],1.7,1.93
2c000014a2,2026-07-17T11:47:20.223Z,2026-07-02T02:04:06Z,141.4230016,43.0910752,17.3,48.2,0.4,0,0,0,0,6,2,-99999.9,-99999.9,4,[2],1.35,1.75
2c000014a2,2026-07-17T11:47:20.225Z,2026-07-02T02:05:05Z,141.4223232,43.0912928,21,51.9,1.8,0,0,0,0,5,2,-99999.9,-99999.9,3,[2],1.36,1.92
2c000014a2,2026-07-17T11:47:20.227Z,2026-07-02T02:06:05Z,141.4226816,43.091152,50.3,81.2,0.2,0,0,0,0,6,2,-99999.9,-99999.9,3,[2],1.35,1.72
2c000014a2,2026-07-17T11:47:20.261Z,2026-07-02T02:07:05Z,141.4225024,43.091312,-12.6,18.3,0.2,0,0,0,0,6,2,-99999.9,-99999.9,3,[2],1.38,1.77
2c000014a2,2026-07-17T11:47:20.263Z,2026-07-02T02:08:05Z,141.4225408,43.0909088,26.6,57.5,0.1,0,0,0,0,6,2,-99999.9,-99999.9,3,[2],1.35,1.7
2c000014a2,2026-07-17T11:47:20.264Z,2026-07-02T02:09:04Z,141.4226688,43.0910112,5.4,36.3,0.7,0,0,0,20,4,2,-99999.9,-99999.9,2,[2],1.53,2.37
2c000014a2,2026-07-17T11:47:20.267Z,2026-07-02T02:10:06Z,141.4227328,43.0910944,-1.4,29.5,0,0,0,0,0,6,2,-99999.9,-99999.9,4,[2],1.35,1.67
2c000014a2,2026-07-17T11:47:20.268Z,2026-07-02T02:11:05Z,141.422848,43.0908064,21,51.9,0,0,0,0,0,6,2,-99999.9,-99999.9,3,[2],1.35,1.66
2c000014a2,2026-07-17T11:47:20.27Z,2026-07-02T02:12:04.5Z,141.4227584,43.0909184,10.5,41.4,2.1,0,0,0,145,6,2,-99999.9,-99999.9,2,[2],1.35,1.65
2c000014a2,2026-07-17T11:47:20.272Z,2026-07-02T02:13:05Z,141.4227456,43.0910496,4.5,35.4,0.2,0,0,0,0,6,2,-99999.9,-99999.9,3,[2],1.34,1.64
2c000014a2,2026-07-17T11:47:20.274Z,2026-07-02T02:14:04Z,141.4226944,43.0909888,2.9,33.8,0,0,0,0,0,5,2,-99999.9,-99999.9,2,[2],1.41,1.67
2c000014a2,2026-07-17T11:47:20.276Z,2026-07-02T02:15:05Z,141.42272,43.090912,24.9,55.8,0.6,0,0,0,297.1,6,2,-99999.9,-99999.9,3,[2],1.34,1.62
2c000014a2,2026-07-17T11:47:20.279Z,2026-07-02T02:16:06Z,141.422976,43.0906752,33.7,64.6,0.2,0,0,0,0,6,2,-99999.9,-99999.9,4,[2],1.34,1.6
2c000014a2,2026-07-17T11:47:20.28Z,2026-07-02T02:18:05Z,141.4228224,43.09072,31.5,62.4,0.2,0,0,0,0,5,2,-99999.9,-99999.9,3,[2],2.04,2.84
2c000014a2,2026-07-17T11:47:20.282Z,2026-07-02T02:19:06Z,141.4225024,43.0907552,26.1,57,0,0,0,0,0,6,2,-99999.9,-99999.9,4,[2],1.34,1.57
2c000014a2,2026-07-17T11:47:20.284Z,2026-07-02T02:20:06Z,141.4227328,43.0907936,-10.7,20.2,0,0,0,0,0,6,2,-99999.9,-99999.9,4,[2],1.34,1.56
2c000014a2,2026-07-17T11:47:20.318Z,2026-07-02T02:21:04.5Z,141.4226944,43.0910784,23.1,54,10.1,0,0,0,318.3,6,2,-99999.9,-99999.9,2,[2],1.34,1.55
2c000014a2,2026-07-17T11:47:20.32Z,2026-07-02T02:22:04.5Z,141.4226176,43.0911648,32.3,63.2,0.2,0,0,0,0,6,2,-99999.9,-99999.9,1,"[2,4]",1.34,1.78
2c000014a2,2026-07-17T11:47:20.322Z,2026-07-02T02:23:05Z,141.4225152,43.091168,24,54.9,0.1,0,0,0,0,6,2,-99999.9,-99999.9,3,"[2,4]",1.34,1.77
2c000014a2,2026-07-17T11:47:20.323Z,2026-07-02T02:24:06Z,141.422464,43.0910336,15.7,46.6,0.3,0,0,0,0,5,2,-99999.9,-99999.9,4,"[2,4]",1.43,1.67
2c000014a2,2026-07-17T11:47:20.325Z,2026-07-02T02:25:04.5Z,141.4229632,43.0908736,15.9,46.8,0.9,0,0,0,0,6,2,-99999.9,-99999.9,2,[2],1.34,1.5
2c000014a2,2026-07-17T11:47:20.326Z,2026-07-02T02:26:05Z,141.4228224,43.0910144,33,63.9,0.9,0,0,0,0,6,2,-99999.9,-99999.9,2,[2],1.34,1.49
2c000014a2,2026-07-17T11:47:20.329Z,2026-07-02T02:27:05Z,141.4236288,43.0912704,27.1,58,0.1,0,0,0,0,6,2,-99999.9,-99999.9,3,[2],1.34,1.48
2c000014a2,2026-07-17T11:47:20.331Z,2026-07-02T02:28:05Z,141.4231936,43.0913856,14.2,45.1,0.1,0,0,0,0,6,2,-99999.9,-99999.9,3,[2],2.84,1.6
2c000014a2,2026-07-17T11:47:20.333Z,2026-07-02T02:29:06Z,141.4236288,43.0911584,33.9,64.8,0,0,0,0,0,6,2,-99999.9,-99999.9,4,[2],1.34,1.46
2c000014a2,2026-07-17T11:47:20.335Z,2026-07-02T02:30:05Z,141.4236416,43.091248,7.5,38.4,0.2,0,0,0,0,6,2,-99999.9,-99999.9,3,[2],1.34,1.45
2c000014a2,2026-07-17T11:47:20.337Z,2026-07-02T02:31:06Z,141.423936,43.091264,1.6,32.5,0.1,0,0,0,0,5,2,-99999.9,-99999.9,4,[2],1.41,1.6
2c000014a2,2026-07-17T11:47:20.339Z,2026-07-02T02:32:05Z,141.4240512,43.0911968,36.1,67,0.2,0,0,0,0,5,2,-99999.9,-99999.9,3,[2],1.49,1.91
2c000014a2,2026-07-17T11:47:20.342Z,2026-07-02T02:33:04.5Z,141.4240896,43.0911968,14.2,45.1,0.5,0,0,0,0,5,2,-99999.9,-99999.9,2,[2],1.41,1.87
2c000014a2,2026-07-17T11:47:20.373Z,2026-07-02T02:34:07Z,141.4240128,43.0911552,9.3,40.2,1.5,0,0,0,113.5,4,2,-99999.9,-99999.9,4,[2],1.55,1.83
2c000014a2,2026-07-17T11:47:20.375Z,2026-07-02T02:35:04.5Z,141.423872,43.0911968,16.4,47.3,0.1,0,0,0,0,5,2,-99999.9,-99999.9,2,[2],1.4,1.56
2c000014a2,2026-07-17T11:47:20.377Z,2026-07-02T02:36:07Z,141.423872,43.091232,19.7,50.6,0,0,0,0,0,4,2,-99999.9,-99999.9,4,[2],1.86,2.85
2c000014a2,2026-07-17T11:47:20.378Z,2026-07-02T02:37:04.5Z,141.4239488,43.0912128,24.4,55.3,0.6,0,0,0,154.9,5,2,-99999.9,-99999.9,2,[2],1.4,1.54
2c000014a2,2026-07-17T11:47:20.38Z,2026-07-02T02:38:06Z,141.4238592,43.0911744,18.9,49.8,0.1,0,0,0,0,5,2,-99999.9,-99999.9,3,[2],1.47,1.81
2c000014a2,2026-07-17T11:47:20.382Z,2026-07-02T02:39:05Z,141.4237056,43.0906176,45.2,76.1,0.2,0,0,0,0,5,2,-99999.9,-99999.9,3,[2],1.39,1.51
2c000014a2,2026-07-17T11:47:20.384Z,2026-07-02T02:40:05Z,141.4242688,43.0904416,27.1,58,2.3,0,0,0,113.7,5,2,-99999.9,-99999.9,3,[2],1.39,1.5
2c000014a2,2026-07-17T11:47:20.386Z,2026-07-02T02:41:05Z,141.4233856,43.0919072,26.2,57.1,6.7,0,0,0,104.1,5,2,-99999.9,-99999.9,3,[2],1.39,1.49
2c000014a2,2026-07-17T11:47:20.387Z,2026-07-02T02:42:05Z,141.4244352,43.0919328,21.4,52.3,0.1,0,0,0,0,5,2,-99999.9,-99999.9,3,"[2,4]",1.39,1.48
2c000014a2,2026-07-17T11:47:20.389Z,2026-07-02T02:43:05Z,141.4244992,43.091904,19.4,50.3,0.5,0,0,0,14.9,4,2,-99999.9,-99999.9,3,"[2,4]",1.45,1.5
2c000014a2,2026-07-17T11:47:20.39Z,2026-07-02T02:44:06Z,141.4243968,43.0920192,12,42.9,0,0,0,0,0,4,2,-99999.9,-99999.9,4,"[2,4]",1.45,1.49
2c000014a2,2026-07-17T11:47:20.392Z,2026-07-02T02:45:05Z,141.424512,43.0919872,0.7,31.6,1.6,0,0,0,0,5,2,-99999.9,-99999.9,3,[2],1.39,1.46
2c000014a2,2026-07-17T11:47:20.394Z,2026-07-02T02:46:05Z,141.4244992,43.0920832,13.6,44.5,0,0,0,0,0,4,2,-99999.9,-99999.9,3,[2],1.76,2.52
2c000014a2,2026-07-17T11:47:20.425Z,2026-07-02T02:47:05Z,141.4244352,43.0920832,16.1,47,0.3,0,0,0,0,5,2,-99999.9,-99999.9,3,[2],1.45,1.68
2c000014a2,2026-07-17T11:47:20.428Z,2026-07-02T02:48:04.5Z,141.4243584,43.0918816,25.9,56.8,0.7,0,0,0,0,5,2,-99999.9,-99999.9,2,[2],1.39,1.43
2c000014a2,2026-07-17T11:47:20.43Z,2026-07-02T02:49:05Z,141.424448,43.0919904,20.7,51.6,0.1,0,0,0,0,4,2,-99999.9,-99999.9,3,[2],1.73,2.43
2c000014a2,2026-07-17T11:47:20.432Z,2026-07-02T02:50:05Z,141.4243584,43.092,-11.3,19.6,0,0,0,0,0,4,2,-99999.9,-99999.9,3,[2],1.48,1.45
2c000014a2,2026-07-17T11:47:20.434Z,2026-07-02T02:51:05Z,141.4243584,43.0919488,24.5,55.4,0.7,0,0,0,0,4,2,-99999.9,-99999.9,3,[2],1.72,2.37
2c000014a2,2026-07-17T11:47:20.435Z,2026-07-02T02:52:05Z,141.4246016,43.0919328,9.9,40.8,0.1,0,0,0,0,5,2,-99999.9,-99999.9,3,[2],1.39,1.39
2c000014a2,2026-07-17T11:47:20.437Z,2026-07-02T02:53:05Z,141.4244864,43.0919968,10.2,41.1,0.2,0,0,0,0,5,2,-99999.9,-99999.9,3,[2],1.45,1.61
2c000014a2,2026-07-17T11:47:20.438Z,2026-07-02T02:54:06Z,141.4243712,43.0920608,21.1,52,0.2,0,0,0,0,5,2,-99999.9,-99999.9,4,[2],1.39,1.37
2c000014a2,2026-07-17T11:47:20.439Z,2026-07-02T02:55:05Z,141.4244352,43.0920768,13.1,44,0.8,0,0,0,190.4,5,2,-99999.9,-99999.9,3,[2],1.39,1.36
2c000014a2,2026-07-17T11:47:20.448Z,2026-07-02T02:56:06Z,141.4244864,43.0919872,23.3,54.2,1.5,0,0,0,289.7,5,2,-99999.9,-99999.9,4,[2],1.39,1.36
2c000014a2,2026-07-17T11:47:20.45Z,2026-07-02T02:57:06Z,141.4244736,43.0920032,28.1,59,0.2,0,0,0,0,4,2,-99999.9,-99999.9,4,[2],1.68,2.21
2c000014a2,2026-07-17T11:47:20.452Z,2026-07-02T02:58:04Z,141.42432,43.0919456,21.3,52.2,0.4,0,0,0,0,4,2,-99999.9,-99999.9,2,[2],1.67,2.19
2c000014a2,2026-07-17T11:47:20.453Z,2026-07-02T02:59:06Z,141.4244992,43.0918656,20.9,51.8,0.7,0,0,0,327.5,5,2,-99999.9,-99999.9,4,[2],1.39,1.33
2c000014a2,2026-07-17T11:47:20.483Z,2026-07-02T03:00:05Z,141.423936,43.0912128,25.4,56.3,0.4,0,0,0,0,4,2,-99999.9,-99999.9,3,[2],1.8,3.23
2c000014a2,2026-07-17T11:47:20.485Z,2026-07-02T03:01:06Z,141.423872,43.0912544,-1.1,29.8,0.1,0,0,0,0,4,2,-99999.9,-99999.9,4,[2],1.8,3.18
2c000014a2,2026-07-17T11:47:20.488Z,2026-07-02T03:02:06Z,141.4239104,43.0912768,14,44.9,0.3,0,0,0,0,4,2,-99999.9,-99999.9,4,[2],1.79,3.13
2c000014a2,2026-07-17T11:47:20.489Z,2026-07-02T03:03:06Z,141.423936,43.0911072,45.9,76.8,0.1,0,0,0,0,4,2,-99999.9,-99999.9,4,[2],1.79,3.08
2c000014a2,2026-07-17T11:47:20.491Z,2026-07-02T03:04:05Z,141.4236544,43.0911168,10.5,41.4,0.1,0,0,0,0,5,2,-99999.9,-99999.9,3,[2],1.47,1.7
2c000014a2,2026-07-17T11:47:20.494Z,2026-07-02T03:05:05Z,141.4230912,43.091504,38.3,69.2,0.1,0,0,0,0,4,2,-99999.9,-99999.9,3,[2],1.78,2.99
2c000014a2,2026-07-17T11:47:20.496Z,2026-07-02T03:07:06Z,141.422976,43.092576,15.5,46.4,0,0,0,0,0,4,2,-99999.9,-99999.9,3,[2],1.77,2.9
2c000014a2,2026-07-17T11:47:20.498Z,2026-07-02T03:08:05Z,141.4229248,43.0925216,56.1,87,0,0,0,0,0,5,2,-99999.9,-99999.9,3,[2],1.49,1.65
2c000014a2,2026-07-17T11:47:20.499Z,2026-07-02T03:10:06Z,141.4230528,43.0924992,56.7,87.6,0.2,0,0,0,0,4,2,-99999.9,-99999.9,4,[2],1.77,2.78
2c000014a2,2026-07-17T11:47:20.501Z,2026-07-02T03:12:05Z,141.4231168,43.0925216,25.8,56.7,0.6,0,0,0,306.7,4,2,-99999.9,-99999.9,3,[2],1.76,2.71
2c000014a2,2026-07-17T11:47:20.503Z,2026-07-02T03:14:17Z,141.4230656,43.0925024,61.9,92.8,0,0,0,0,0,4,2,-99999.9,-99999.9,15,[2],1.76,2.63
2c000014a2,2026-07-17T11:47:20.504Z,2026-07-02T03:16:07Z,141.422976,43.0925824,27,57.9,0.7,0,0,0,236.5,4,2,-99999.9,-99999.9,5,[2],1.76,2.57
2c000014a2,2026-07-17T11:47:20.506Z,2026-07-02T03:18:08Z,141.4231296,43.0924544,71.6,102.5,0.3,0,0,0,0,4,2,-99999.9,-99999.9,6,[2],1.76,2.5
2c000014a2,2026-07-17T11:47:20.55Z,2026-07-02T03:20:08Z,141.4229632,43.0925792,26,56.9,0,0,0,0,0,4,2,-99999.9,-99999.9,6,[2],1.77,2.44
2c000014a2,2026-07-17T11:47:20.551Z,2026-07-02T03:24:06Z,141.4230144,43.0925056,37.7,68.6,0.7,0,0,0,0,4,2,-99999.9,-99999.9,4,[2],1.78,2.33
2c000014a2,2026-07-17T11:47:20.553Z,2026-07-02T03:26:07Z,141.4229632,43.0925728,17,47.9,0.7,0,0,0,249,4,2,-99999.9,-99999.9,5,[2],1.78,2.28
2c000014a2,2026-07-17T11:47:20.555Z,2026-07-02T03:30:12Z,141.4229376,43.0925088,15.7,46.6,1.5,0,0,0,269.7,4,2,-99999.9,-99999.9,10,[2],1.8,2.19
2c000014a2,2026-07-17T11:47:20.556Z,2026-07-02T03:34:39Z,141.4228224,43.0924544,7.5,38.4,0,0,0,0,0,6,2,-99999.9,-99999.9,37,[1],1.92,3.93
2c000014a2,2026-07-17T11:47:20.558Z,2026-07-02T03:40:10Z,141.4227456,43.0925024,0.6,31.5,0.3,0,0,0,0,6,2,-99999.9,-99999.9,8,[1],2.1,4.01
2c000014a2,2026-07-17T11:47:20.56Z,2026-07-02T03:50:13Z,141.4227968,43.0924736,4.6,35.5,0.1,0,0,0,0,6,2,-99999.9,-99999.9,11,[1],2.44,4.06
2c000014a2,2026-07-17T11:47:20.562Z,2026-07-02T04:00:17Z,141.4225024,43.0925248,-20.9,10,0,0,0,0,0,6,2,-99999.9,-99999.9,15,[1],2.73,3.96
2c000014a2,2026-07-17T11:47:20.563Z,2026-07-02T04:10:14Z,141.42272,43.09256,2.5,33.4,0.4,0,0,0,280.6,6,2,-99999.9,-99999.9,12,[1],2.89,3.69
2c000014a2,2026-07-17T11:47:20.565Z,2026-07-02T04:16:10Z,141.4237312,43.0912032,-3.5,27.4,0.4,0,0,0,0,6,2,-99999.9,-99999.9,8,[1],2.92,3.46
2c000014a2,2026-07-17T11:47:20.567Z,2026-07-02T04:20:07Z,141.4238464,43.0912096,12.4,43.3,0.6,0,0,0,272.5,6,2,-99999.9,-99999.9,5,[1],2.91,3.3
2c000014a2,2026-07-17T11:47:20.57Z,2026-07-02T04:24:07Z,141.4235776,43.0912768,-0.5,30.4,0.4,0,0,0,0,6,2,-99999.9,-99999.9,5,[1],2.89,3.12
2c000014a2,2026-07-17T11:47:20.573Z,2026-07-02T04:26:07Z,141.4233984,43.0913888,-39.6,-8.7,0.4,0,0,0,0,6,2,-99999.9,-99999.9,5,[2],2.87,3.04
2c000014a2,2026-07-17T11:47:20.609Z,2026-07-02T04:28:08Z,141.4237696,43.091216,-6,24.9,0.5,0,0,0,297.6,6,2,-99999.9,-99999.9,7,[1],2.85,2.95
2c000014a2,2026-07-17T11:47:20.611Z,2026-07-02T04:30:09Z,141.424,43.0911584,24.1,55,0.2,0,0,0,0,6,2,-99999.9,-99999.9,7,[2],2.83,2.87
2c000014a2,2026-07-17T11:47:20.613Z,2026-07-02T04:34:31Z,141.4239232,43.0912032,12.9,43.8,0,0,0,0,0,9,2,-99999.9,-99999.9,30,[1],1.12,1.4
2c000014a2,2026-07-17T11:47:20.615Z,2026-07-02T04:38:04Z,141.4238464,43.091488,12.2,43.1,0.5,0,0,0,0,8,2,-99999.9,-99999.9,3,[2],1.15,1.48
2c000014a2,2026-07-17T11:47:20.617Z,2026-07-02T04:40:05Z,141.4237056,43.0910912,14.8,45.7,0.1,0,0,0,0,9,2,-99999.9,-99999.9,4,[2],1.13,1.39
2c000014a2,2026-07-17T11:47:20.618Z,2026-07-02T04:42:05Z,141.4236416,43.0911488,14.6,45.5,0.4,0,0,0,334.3,8,2,-99999.9,-99999.9,4,[2],1.73,1.52
2c000014a2,2026-07-17T11:47:20.62Z,2026-07-02T04:44:04Z,141.42336,43.0914336,17.9,48.8,6.5,0,0,0,149.6,8,2,-99999.9,-99999.9,3,[2],1.73,1.53
2c000014a2,2026-07-17T11:47:20.621Z,2026-07-02T04:45:04Z,141.4233216,43.091616,4.5,35.4,0.6,0,0,0,83.1,8,2,-99999.9,-99999.9,3,[4],1.73,1.53
2c000014a2,2026-07-17T11:47:20.623Z,2026-07-02T04:46:05Z,141.4225792,43.0912384,13.5,44.4,1,0,0,0,0,9,2,-99999.9,-99999.9,4,"[2,4]",1.15,1.37
2c000014a2,2026-07-17T11:47:20.625Z,2026-07-02T04:47:05Z,141.4225152,43.091264,15.9,46.8,0.6,0,0,0,0,7,2,-99999.9,-99999.9,4,[4],1.28,1.46
2c000014a2,2026-07-17T11:47:20.627Z,2026-07-02T04:48:05Z,141.4226688,43.0911232,29.9,60.8,0.2,0,0,0,0,7,2,-99999.9,-99999.9,4,[2],1.53,1.86
2c000014a2,2026-07-17T11:47:20.629Z,2026-07-02T04:50:05Z,141.4236288,43.0909792,28.7,59.6,0.9,0,0,0,133.7,9,2,-99999.9,-99999.9,4,[2],1.16,1.36
2c000014a2,2026-07-17T11:47:20.631Z,2026-07-02T04:52:04Z,141.4234624,43.0912736,1.8,32.7,0.9,0,0,0,163.9,6,2,-99999.9,-99999.9,3,[2],1.62,1.85
2c000014a2,2026-07-17T11:47:20.664Z,2026-07-02T04:54:04Z,141.4237696,43.0910528,6.1,37,0.3,0,0,0,0,8,2,-99999.9,-99999.9,3,[2],1.7,1.58
2c000014a2,2026-07-17T11:47:20.666Z,2026-07-02T04:56:04Z,141.4235776,43.091264,18.6,49.5,0.3,0,0,0,0,7,2,-99999.9,-99999.9,3,[2],1.71,1.73
2c000014a2,2026-07-17T11:47:20.668Z,2026-07-02T04:58:04Z,141.4235264,43.0912352,14,44.9,2,0,0,0,156.6,7,2,-99999.9,-99999.9,3,[2],1.93,1.76
2c000014a2,2026-07-17T11:47:20.669Z,2026-07-02T05:00:05Z,141.4236032,43.0910944,8.5,39.4,2,0,0,0,108.4,7,2,-99999.9,-99999.9,4,[2],1.71,1.84
2c000014a2,2026-07-17T11:47:20.671Z,2026-07-02T05:02:06Z,141.4235648,43.0911936,4,34.9,0.5,0,0,0,0,7,2,-99999.9,-99999.9,5,[2],2.53,1.63
2c000014a2,2026-07-17T11:47:20.673Z,2026-07-02T05:10:06Z,141.4229248,43.0925184,8.4,39.3,0.3,0,0,0,0,5,2,-99999.9,-99999.9,5,[2],2.12,2.09
2c000014a2,2026-07-17T11:47:20.675Z,2026-07-02T05:12:05Z,141.422912,43.0925952,-17.8,13.1,0,0,0,0,0,5,2,-99999.9,-99999.9,4,[2],2.11,2.1
2c000014a2,2026-07-17T11:47:20.676Z,2026-07-02T05:14:04Z,141.4230656,43.0925792,11.9,42.8,0.2,0,0,0,0,4,2,-99999.9,-99999.9,3,[2],2.44,4.18
2c000014a2,2026-07-17T11:47:20.678Z,2026-07-02T05:16:05Z,141.4228608,43.0925728,36.1,67,0.1,0,0,0,0,4,2,-99999.9,-99999.9,4,[2],2.43,4.2
2c000014a2,2026-07-17T11:47:20.68Z,2026-07-02T05:18:05Z,141.4229376,43.0923616,26.5,57.4,0.2,0,0,0,0,4,2,-99999.9,-99999.9,4,[2],2.36,2.18
2c000014a2,2026-07-17T11:47:20.682Z,2026-07-02T05:20:07Z,141.4228992,43.0925376,12.6,43.5,0.2,0,0,0,0,4,2,-99999.9,-99999.9,6,[2],2.42,4.24
2c000014a2,2026-07-17T11:47:20.683Z,2026-07-02T05:22:04Z,141.4228352,43.0925728,13,43.9,0,0,0,0,0,4,2,-99999.9,-99999.9,3,[2],2.41,4.26
2c000014a2,2026-07-17T11:47:20.685Z,2026-07-02T05:24:03Z,141.4230912,43.0918688,23.2,54.1,0.5,0,0,0,0,4,2,-99999.9,-99999.9,2,[2],2.5,3.08
2c000014a2,2026-07-17T11:47:20.72Z,2026-07-02T05:26:03Z,141.423488,43.0918528,61.3,92.2,2.6,0,0,0,146.9,4,2,-99999.9,-99999.9,2,[2],2.36,2.2
2c000014a2,2026-07-17T11:47:20.722Z,2026-07-02T05:28:05Z,141.4235648,43.0911968,13.6,44.5,0.3,0,0,0,0,4,2,-99999.9,-99999.9,3,[2],2.4,4.33
2c000014a2,2026-07-17T11:47:20.724Z,2026-07-02T05:30:05Z,141.4237568,43.0909728,41.8,72.7,0.2,0,0,0,0,5,2,-99999.9,-99999.9,4,[2],1.97,2.19
2c000014a2,2026-07-17T11:47:20.726Z,2026-07-02T05:32:05Z,141.4235648,43.0907008,66.7,97.6,1.4,0,0,0,0,4,2,-99999.9,-99999.9,4,[2],2.39,4.37
2c000014a2,2026-07-17T11:47:20.727Z,2026-07-02T05:34:04Z,141.4225792,43.0909056,-67.3,-36.4,0,0,0,0,0,4,2,-99999.9,-99999.9,3,[2],2.43,2.83
2c000014a2,2026-07-17T11:47:20.729Z,2026-07-02T05:36:03Z,141.4227968,43.0908352,-9.2,21.7,0.3,0,0,0,0,4,2,-99999.9,-99999.9,2,[2],2.42,2.78
2c000014a2,2026-07-17T11:47:20.73Z,2026-07-02T05:37:04Z,141.422848,43.0907904,29,59.9,0.1,0,0,0,0,5,2,-99999.9,-99999.9,2,[2],1.9,2.19
2c000014a2,2026-07-17T11:47:20.732Z,2026-07-02T05:38:03Z,141.4229632,43.0908,-2.7,28.2,0.4,0,0,0,0,4,2,-99999.9,-99999.9,2,[2],2.08,2.52
2c000014a2,2026-07-17T11:47:20.734Z,2026-07-02T05:39:04Z,141.4234368,43.09064,15.6,46.5,0.7,0,0,0,354.7,5,2,-99999.9,-99999.9,2,[2],1.89,2.18
2c000014a2,2026-07-17T11:47:20.736Z,2026-07-02T05:40:05Z,141.4236928,43.090896,-31,-0.1,2,0,0,0,328.3,5,2,-99999.9,-99999.9,4,[2],1.88,2.18
2c000014a2,2026-07-17T11:47:20.738Z,2026-07-02T05:41:04Z,141.4237184,43.0908576,-4.1,26.8,0.7,0,0,0,147.8,5,2,-99999.9,-99999.9,3,[2],2.63,2.51
2c000014a2,2026-07-17T11:47:20.74Z,2026-07-02T05:42:05Z,141.4235136,43.0910336,18.2,49.1,0,0,0,0,0,5,2,-99999.9,-99999.9,4,[2],2.62,2.51
2c000014a2,2026-07-17T11:47:20.742Z,2026-07-02T05:43:04Z,141.4236416,43.0910336,6.1,37,0.2,0,0,0,0,5,2,-99999.9,-99999.9,3,[2],1.85,2.16
2c000014a2,2026-07-17T11:47:20.784Z,2026-07-02T05:44:04Z,141.4237056,43.0911104,3.8,34.7,0.1,0,0,0,0,5,2,-99999.9,-99999.9,3,[2],1.85,2.16
2c000014a2,2026-07-17T11:47:20.785Z,2026-07-02T05:45:05Z,141.4236928,43.0911296,30.4,61.3,1,0,0,0,147,5,2,-99999.9,-99999.9,4,[2],1.84,2.15
2c000014a2,2026-07-17T11:47:20.79Z,2026-07-02T05:46:05Z,141.4236544,43.091088,11.1,42,0.3,0,0,0,0,5,2,-99999.9,-99999.9,4,[2],1.83,2.15
2c000014a2,2026-07-17T11:47:20.793Z,2026-07-02T05:47:05Z,141.42368,43.0910944,15.2,46.1,0.6,0,0,0,228.3,5,2,-99999.9,-99999.9,4,[2],1.82,2.14
2c000014a2,2026-07-17T11:47:20.795Z,2026-07-02T05:48:04Z,141.42368,43.0911712,14,44.9,0,0,0,0,0,5,2,-99999.9,-99999.9,3,[2],1.82,2.13
2c000014a2,2026-07-17T11:47:20.797Z,2026-07-02T05:49:05Z,141.4237312,43.0911968,30.6,61.5,0.3,0,0,0,0,4,2,-99999.9,-99999.9,4,[2],2.3,2.44
2c000014a2,2026-07-17T11:47:20.798Z,2026-07-02T05:50:04Z,141.4236032,43.0910368,0.5,31.4,0.2,0,0,0,0,4,2,-99999.9,-99999.9,3,[2],2.24,2.12
2c000014a2,2026-07-17T11:47:20.8Z,2026-07-02T05:51:04Z,141.4235776,43.091232,12.3,43.2,0.1,0,0,0,0,5,2,-99999.9,-99999.9,3,[2],1.8,2.11
2c000014a2,2026-07-17T11:47:20.801Z,2026-07-02T05:52:04Z,141.423552,43.0910976,40.5,71.4,0.2,0,0,0,0,5,2,-99999.9,-99999.9,3,[2],1.79,2.1
2c000014a2,2026-07-17T11:47:20.803Z,2026-07-02T05:53:04Z,141.423616,43.0911776,13.2,44.1,0.7,0,0,0,0,4,2,-99999.9,-99999.9,3,[2],2.01,2.75
2c000014a2,2026-07-17T11:47:20.807Z,2026-07-02T05:54:05Z,141.4237568,43.0911264,23.9,54.8,0.1,0,0,0,0,5,2,-99999.9,-99999.9,4,[2],1.78,2.08
2c000014a2,2026-07-17T11:47:20.81Z,2026-07-02T05:55:06Z,141.42368,43.0913088,37.1,68,0.6,0,0,0,3.3,5,2,-99999.9,-99999.9,5,[2],1.77,2.07
2c000014a2,2026-07-17T11:47:20.811Z,2026-07-02T05:56:05Z,141.4237824,43.091264,-22,8.9,0.1,0,0,0,0,4,2,-99999.9,-99999.9,4,[2],2.32,4.65
2c000014a2,2026-07-17T11:47:20.844Z,2026-07-02T05:57:04Z,141.4238464,43.0911872,4.3,35.2,0.6,0,0,0,163.9,4,2,-99999.9,-99999.9,3,[2],2.32,4.65
2c000014a2,2026-07-17T11:47:20.847Z,2026-07-02T05:58:05Z,141.4242816,43.0919136,-5.7,25.2,5.6,0,0,0,6.2,4,2,-99999.9,-99999.9,4,[2],2.32,4.66
2c000014a2,2026-07-17T11:47:20.849Z,2026-07-02T05:59:06Z,141.424,43.0919616,34.2,65.1,0.1,0,0,0,0,4,2,-99999.9,-99999.9,5,"[2,4]",2.32,4.67
2c000014a2,2026-07-17T11:47:20.851Z,2026-07-02T06:00:39Z,141.4240896,43.0925568,-17.8,13.1,0.3,0,0,0,0,6,2,-99999.9,-99999.9,38,"[1,4]",2.02,3.62
2c000014a2,2026-07-17T11:47:20.853Z,2026-07-02T06:01:05Z,141.4240768,43.0925216,-1.8,29.1,0.7,0,0,0,15.4,6,2,-99999.9,-99999.9,4,[4],2.02,3.62
2c000014a2,2026-07-17T11:47:20.863Z,2026-07-02T06:05:11Z,141.4236416,43.091168,35.5,66.4,0,0,0,0,0,3,2,-99999.9,-99999.9,70,[1],2.22,4.94
2c000014a2,2026-07-17T11:47:20.865Z,2026-07-02T06:10:31Z,141.4236416,43.091104,16.3,47.2,0,0,0,0,0,9,2,-99999.9,-99999.9,29,[2],1.1,1.23
2c000014a2,2026-07-17T11:47:20.867Z,2026-07-02T06:20:05Z,141.4228608,43.0925472,23.2,54.1,0,0,0,0,0,7,2,-99999.9,-99999.9,3,[2],1.23,1.68
2c000014a2,2026-07-17T11:47:20.868Z,2026-07-02T06:30:05Z,141.422144,43.0924064,36,66.9,0,0,0,0,0,8,2,-99999.9,-99999.9,3,[2],1.2,1.66
2c000014a2,2026-07-17T11:47:20.871Z,2026-07-02T06:40:04Z,141.4221056,43.092752,17.7,48.6,0.6,0,0,0,355.3,8,2,-99999.9,-99999.9,2,[2],1.22,1.73
2c000014a2,2026-07-17T11:47:20.872Z,2026-07-02T06:46:05Z,141.4220032,43.0928032,11.1,42,0.1,0,0,0,0,8,2,-99999.9,-99999.9,3,[2],1.24,1.77
2c000014a2,2026-07-17T11:47:20.874Z,2026-07-02T06:48:06Z,141.4220416,43.0929248,18.1,49,0,0,0,0,0,7,2,-99999.9,-99999.9,3,[2],1.4,1.93
2c000014a2,2026-07-17T11:47:20.877Z,2026-07-02T06:50:07Z,141.422208,43.0927744,37.3,68.2,0.7,0,0,0,244.3,6,2,-99999.9,-99999.9,4,[2],1.42,2.15
2c000014a2,2026-07-17T11:47:20.917Z,2026-07-02T06:52:05Z,141.422272,43.092704,29.6,60.5,0.5,0,0,0,0,6,2,-99999.9,-99999.9,3,[2],1.7,2.51
2c000014a2,2026-07-17T11:47:20.919Z,2026-07-02T07:00:06Z,141.4225024,43.0929664,59.4,90.3,0.1,0,0,0,0,8,2,-99999.9,-99999.9,4,[2],1.3,1.84
2c000014a2,2026-07-17T11:47:20.921Z,2026-07-02T07:10:05Z,141.422016,43.0928832,11.7,42.6,0.1,0,0,0,0,6,2,-99999.9,-99999.9,3,[2],1.77,2.52
2c000014a2,2026-07-17T11:47:20.923Z,2026-07-02T07:20:04Z,141.4244224,43.0919264,21.1,52,2.4,0,0,0,342.4,7,2,-99999.9,-99999.9,3,[2],1.45,2.17
2c000014a2,2026-07-17T11:47:20.925Z,2026-07-02T07:22:04Z,141.4243968,43.0920128,7,37.9,0.2,0,0,0,0,7,2,-99999.9,-99999.9,3,[2],1.45,2.16
2c000014a2,2026-07-17T11:47:20.926Z,2026-07-02T07:24:05Z,141.4244352,43.0920256,7.9,38.8,0,0,0,0,0,6,2,-99999.9,-99999.9,4,[2],1.55,2.53
2c000014a2,2026-07-17T11:47:20.928Z,2026-07-02T07:26:04Z,141.4243584,43.0921856,17.4,48.3,0.2,0,0,0,0,6,2,-99999.9,-99999.9,3,[2],1.46,2.27
2c000014a2,2026-07-17T11:47:20.93Z,2026-07-02T07:28:04Z,141.4244864,43.0919136,5.4,36.3,0.2,0,0,0,0,7,2,-99999.9,-99999.9,3,[2],1.44,2.11
2c000014a2,2026-07-17T11:47:20.932Z,2026-07-02T07:30:04Z,141.424448,43.091984,20.9,51.8,0.6,0,0,0,159.7,7,2,-99999.9,-99999.9,3,[2],1.44,2.09
2c000014a2,2026-07-17T11:47:20.933Z,2026-07-02T07:32:05Z,141.4253696,43.0928448,18.2,49.1,0.2,0,0,0,0,7,2,-99999.9,-99999.9,4,[2],1.44,2.07
2c000014a2,2026-07-17T11:47:20.936Z,2026-07-02T07:34:04Z,141.425344,43.092944,26.4,57.3,0.2,0,0,0,0,6,2,-99999.9,-99999.9,3,[2],2.79,2.09
2c000014a2,2026-07-17T11:47:20.937Z,2026-07-02T07:36:04Z,141.425344,43.0927744,0.8,31.7,0,0,0,0,0,7,2,-99999.9,-99999.9,3,[2],1.42,2.01
2c000014a2,2026-07-17T11:47:20.94Z,2026-07-02T07:38:03Z,141.4253056,43.0928736,1.1,32,0.3,0,0,0,0,5,2,-99999.9,-99999.9,2,[2],1.88,3.68
2c000014a2,2026-07-17T11:47:20.975Z,2026-07-02T07:40:05Z,141.4252288,43.0927168,3.4,34.3,0.2,0,0,0,0,7,2,-99999.9,-99999.9,4,[2],1.41,1.95
2c000014a2,2026-07-17T11:47:20.977Z,2026-07-02T07:42:04Z,141.4247552,43.0926016,27.7,58.6,0.4,0,0,0,179.4,7,2,-99999.9,-99999.9,3,[2],1.4,1.91
2c000014a2,2026-07-17T11:47:20.979Z,2026-07-02T07:48:04Z,141.424448,43.0921568,57.4,88.3,0.1,0,0,0,0,7,2,-99999.9,-99999.9,3,[2],1.37,1.81
2c000014a2,2026-07-17T11:47:20.98Z,2026-07-02T07:50:04Z,141.4240384,43.0922112,27.6,58.5,0,0,0,0,0,7,2,-99999.9,-99999.9,3,[2],1.36,1.78
2c000014a2,2026-07-17T11:47:20.981Z,2026-07-02T07:52:06Z,141.4253184,43.0915904,25.2,56.1,0,0,0,0,0,7,2,-99999.9,-99999.9,5,[2],1.35,1.74
2c000014a2,2026-07-17T11:47:20.983Z,2026-07-02T07:54:06Z,141.4252928,43.0915008,23.7,54.6,0.2,0,0,0,0,5,2,-99999.9,-99999.9,5,[2],1.43,1.81
2c000014a2,2026-07-17T11:47:20.985Z,2026-07-02T07:56:04Z,141.4252032,43.0915328,-8.5,22.4,0.3,0,0,0,0,6,2,-99999.9,-99999.9,3,[2],1.38,1.75
2c000014a2,2026-07-17T11:47:20.986Z,2026-07-02T07:58:05Z,141.425152,43.0915808,7.9,38.8,0.2,0,0,0,0,7,2,-99999.9,-99999.9,4,[2],1.32,1.65
2c000014a2,2026-07-17T11:47:20.988Z,2026-07-02T08:00:04Z,141.4251648,43.091584,13.6,44.5,1.3,0,0,0,160.1,6,2,-99999.9,-99999.9,3,[2],1.5,1.96
2c000014a2,2026-07-17T11:47:20.989Z,2026-07-02T08:02:05Z,141.4241536,43.0915936,4.9,35.8,0.4,0,0,0,342.7,7,2,-99999.9,-99999.9,4,[2],1.3,1.59
2c000014a2,2026-07-17T11:47:20.991Z,2026-07-02T08:04:04Z,141.4243968,43.0918336,19,49.9,7.4,0,0,0,30.4,7,2,-99999.9,-99999.9,3,[2],1.29,1.56
2c000014a2,2026-07-17T11:47:20.993Z,2026-07-02T08:05:03Z,141.4244096,43.0920128,14.5,45.4,0.4,0,0,0,0,5,2,-99999.9,-99999.9,2,[4],1.5,2.22
2c000014a2,2026-07-17T11:47:20.995Z,2026-07-02T08:06:03Z,141.4242304,43.0916032,26.2,57.1,0.2,0,0,0,0,6,2,-99999.9,-99999.9,2,[4],1.32,1.57
2c000014a2,2026-07-17T11:47:21.038Z,2026-07-02T08:07:04Z,141.424128,43.091664,9.7,40.6,0.1,0,0,0,0,7,2,-99999.9,-99999.9,3,[4],1.28,1.52
2c000014a2,2026-07-17T11:47:21.04Z,2026-07-02T08:10:04Z,141.4241664,43.0917024,19.1,50,1.4,0,0,0,4.1,6,2,-99999.9,-99999.9,3,[2],1.46,1.8
2c000014a2,2026-07-17T11:47:21.042Z,2026-07-02T08:20:04Z,141.423936,43.0910976,13.1,44,1,0,0,0,0,6,2,-99999.9,-99999.9,3,[2],2.25,1.72
2c000014a2,2026-07-17T11:47:21.043Z,2026-07-02T08:30:04Z,141.4241664,43.0919808,31.8,62.7,0.6,0,0,0,344.9,5,2,-99999.9,-99999.9,3,[2],2.89,3.3
2c000014a2,2026-07-17T11:47:21.045Z,2026-07-02T08:32:06Z,141.4242688,43.0926752,50.5,81.4,0.1,0,0,0,0,6,2,-99999.9,-99999.9,5,[2],1.35,1.54
2c000014a2,2026-07-17T11:47:21.046Z,2026-07-02T08:34:05Z,141.4242304,43.0926752,18.7,49.6,0,0,0,0,0,6,2,-99999.9,-99999.9,4,[2],1.34,1.52
2c000014a2,2026-07-17T11:47:21.053Z,2026-07-02T08:36:04Z,141.424192,43.092608,30.1,61,0.2,0,0,0,146.2,6,2,-99999.9,-99999.9,3,[2],1.2,1.26
2c000014a2,2026-07-17T11:47:21.054Z,2026-07-02T08:38:03Z,141.4243328,43.0926976,41.7,72.6,0.5,0,0,0,114.9,5,2,-99999.9,-99999.9,3,[2],1.9,1.62
2c000014a2,2026-07-17T11:47:21.057Z,2026-07-02T08:40:07Z,141.42432,43.0926784,-7.4,23.5,0.2,0,0,0,0,6,2,-99999.9,-99999.9,3,[2],1.31,1.47
2c000014a2,2026-07-17T11:47:21.058Z,2026-07-02T08:42:07Z,141.4251648,43.0916736,23.7,54.6,0.4,0,0,0,0,4,2,-99999.9,-99999.9,3,[2],2.87,1.78
2c000014a2,2026-07-17T11:47:21.06Z,2026-07-02T08:44:07Z,141.4251904,43.0916608,13.6,44.5,0.2,0,0,0,0,5,2,-99999.9,-99999.9,3,[2],1.74,1.57
2c000014a2,2026-07-17T11:47:21.062Z,2026-07-02T08:46:07Z,141.4253952,43.0916256,28,58.9,0.3,0,0,0,0,4,2,-99999.9,-99999.9,3,[2],1.82,1.71
2c000014a2,2026-07-17T11:47:21.063Z,2026-07-02T08:48:08Z,141.4255616,43.0918336,61.9,92.8,0.1,0,0,0,0,5,2,-99999.9,-99999.9,4,[2],1.66,1.54
2c000014a2,2026-07-17T11:47:21.099Z,2026-07-02T08:50:11Z,141.4255104,43.091824,43.2,74.1,0.2,0,0,0,0,5,2,-99999.9,-99999.9,6,[2],1.62,1.53
2c000014a2,2026-07-17T11:47:21.101Z,2026-07-02T09:00:10Z,141.4243712,43.0920768,24.8,55.7,1.3,0,0,0,232.8,5,2,-99999.9,-99999.9,6,[2],1.48,1.48
2c000014a2,2026-07-17T11:47:21.103Z,2026-07-02T09:10:06.5Z,141.4134656,43.0810496,24.7,55.6,12,0,0,0,191.6,5,2,-99999.9,-99999.9,3,[2],1.39,1.45
2c000014a2,2026-07-17T11:47:21.104Z,2026-07-02T09:11:09Z,141.406592,43.0771328,12.1,43,7.1,0,0,0,72.1,5,2,-99999.9,-99999.9,5,[4],1.38,1.45
2c000014a2,2026-07-17T11:47:21.106Z,2026-07-02T09:12:08Z,141.4059904,43.0772576,15,45.9,17.3,0,0,0,66.5,5,2,-99999.9,-99999.9,3,[4],1.37,1.45
2c000014a2,2026-07-17T11:47:21.108Z,2026-07-02T09:13:10Z,141.4067712,43.0769152,20.3,51.2,0.3,0,0,0,0,5,2,-99999.9,-99999.9,5,[4],1.37,1.44
2c000014a2,2026-07-17T11:47:21.109Z,2026-07-02T09:14:09Z,141.4067712,43.0769792,31.7,62.6,0.4,0,0,0,0,4,2,-99999.9,-99999.9,4,[4],1.99,1.67
2c000014a2,2026-07-17T11:47:21.111Z,2026-07-02T09:15:11Z,141.4067584,43.0769152,46.7,77.6,0.5,0,0,0,0,5,2,-99999.9,-99999.9,6,[4],1.36,1.44
2c000014a2,2026-07-17T11:47:21.113Z,2026-07-02T09:20:41Z,141.4061184,43.0773536,9.2,40.1,0.3,0,0,0,20.8,9,2,-99999.9,-99999.9,37,[2],1.03,1.05
2c000014a2,2026-07-17T11:47:21.114Z,2026-07-02T09:30:11Z,141.4058496,43.0772672,2.5,33.4,1.6,0,0,0,250.2,7,2,-99999.9,-99999.9,8,[2],1.75,1.19
2c000014a2,2026-07-17T11:47:21.116Z,2026-07-02T09:40:08Z,141.411264,43.0763552,3,33.9,0.2,0,0,0,0,5,2,-99999.9,-99999.9,5,[2],1.61,1.65
2c000014a2,2026-07-17T11:47:21.117Z,2026-07-02T09:50:31Z,141.411328,43.0763552,21.4,52.3,0,0,0,0,0,6,2,-99999.9,-99999.9,29,[2],1.13,1.29
2c000014a2,2026-07-17T11:47:21.119Z,2026-07-02T12:00:55Z,141.4113024,43.0769536,79.7,110.6,0.1,0,0,0,0,6,2,-99999.9,-99999.9,53,[1],2.5,1.43
2c000014a2,2026-07-17T11:47:21.156Z,2026-07-02T18:00:31Z,141.4113024,43.0763776,28.3,59.2,0,0,0,0,0,7,2,-99999.9,-99999.9,31,[1],1.12,1.35
2c000014a2,2026-07-17T11:47:21.157Z,2026-07-02T22:51:09Z,141.4209408,43.092688,6.2,37.1,0,0,0,0,0,10,2,-99999.9,-99999.9,69,[1],1.22,2.08
2c000014a2,2026-07-17T11:47:21.16Z,2026-07-02T23:50:07Z,141.4244992,43.0918048,4.6,35.5,0.3,0,0,0,0,7,2,-99999.9,-99999.9,4,[2],1.15,1.75
2c000014a2,2026-07-17T11:47:21.161Z,2026-07-03T00:00:06Z,141.424256,43.0919648,7.7,38.6,1.6,0,0,0,167,6,2,-99999.9,-99999.9,3,"[1,2]",1.49,1.93
2c000014a2,2026-07-17T11:47:21.166Z,2026-07-03T00:10:31Z,141.4244352,43.091984,15.2,46.1,0,0,0,0,0,9,2,-99999.9,-99999.9,28,[1],0.8,1.02
2c000014a2,2026-07-17T11:47:21.179Z,2026-07-03T00:20:48Z,141.4244224,43.0919872,21.6,52.5,0,0,0,0,0,6,2,-99999.9,-99999.9,44,[1],1.15,1.63
2c000014a2,2026-07-17T11:47:21.18Z,2026-07-03T00:40:41Z,141.424448,43.092,3.1,34,0,0,0,0,0,4,2,-99999.9,-99999.9,37,[1],2.17,4.98
2c000014a2,2026-07-17T11:47:21.182Z,2026-07-03T01:01:36Z,141.4241024,43.0916992,89.9,120.8,1.1,0,0,0,69,6,2,-99999.9,-99999.9,94,[1],3.61,3.66
2c000014a2,2026-07-17T11:47:21.183Z,2026-07-03T01:22:31Z,141.431232,43.0899392,19.8,50.7,0,0,0,0,0,5,2,-99999.9,-99999.9,149,[1],2.05,2.55
2c000014a2,2026-07-17T11:47:21.194Z,2026-07-03T02:00:31Z,141.4244224,43.0920096,14.2,45.1,0,0,0,0,0,4,2,-99999.9,-99999.9,27,[2],2.15,2.64
2c000014a2,2026-07-17T11:47:21.199Z,2026-07-03T02:10:07Z,141.42432,43.092032,1.6,32.5,2.5,0,0,0,204.9,4,2,-99999.9,-99999.9,4,[2],2.11,2.54
2c000014a2,2026-07-17T11:47:21.212Z,2026-07-03T02:20:06Z,141.424448,43.0920032,40.5,71.4,0.1,0,0,0,0,4,2,-99999.9,-99999.9,3,[2],2.2,2.79
2c000014a2,2026-07-17T11:47:21.216Z,2026-07-03T02:30:09Z,141.4243328,43.092,-0.6,30.3,0,0,0,0,0,4,2,-99999.9,-99999.9,6,[2],2.36,3.02
2c000014a2,2026-07-17T11:47:21.279Z,2026-07-03T02:38:06Z,141.422336,43.0925472,70.9,101.8,0,0,0,0,0,4,2,-99999.9,-99999.9,3,[2],2.53,3.18
2c000014a2,2026-07-17T11:47:21.281Z,2026-07-03T02:40:06Z,141.4219008,43.0924864,21.2,52.1,0.7,0,0,0,0,4,2,-99999.9,-99999.9,3,[2],2.58,3.21
2c000014a2,2026-07-17T11:47:21.283Z,2026-07-03T02:42:09Z,141.4221056,43.0928832,4.3,35.2,0.2,0,0,0,0,4,2,-99999.9,-99999.9,6,[2],2.63,3.24
2c000014a2,2026-07-17T11:47:21.284Z,2026-07-03T02:44:07Z,141.4222208,43.0927552,21.4,52.3,9.2,0,0,0,132.5,4,2,-99999.9,-99999.9,4,[2],2.68,3.26
2c000014a2,2026-07-17T11:47:21.286Z,2026-07-03T02:45:08Z,141.4243072,43.0917536,62.3,93.2,0.2,0,0,0,0,4,2,-99999.9,-99999.9,5,[4],2.71,3.28
2c000014a2,2026-07-17T11:47:21.287Z,2026-07-03T02:46:06Z,141.424448,43.09216,-0.3,30.6,0.3,0,0,0,0,4,2,-99999.9,-99999.9,3,"[2,4]",2.73,3.29
2c000014a2,2026-07-17T11:47:21.29Z,2026-07-03T02:47:06Z,141.4244224,43.0918688,27.2,58.1,0.9,0,0,0,142,4,2,-99999.9,-99999.9,3,[4],2.76,3.29
2c000014a2,2026-07-17T11:47:21.291Z,2026-07-03T02:48:08Z,141.4244736,43.0919456,23.3,54.2,2.5,0,0,0,197.6,4,2,-99999.9,-99999.9,5,[2],2.79,3.3
2c000014a2,2026-07-17T11:47:21.293Z,2026-07-03T02:50:06Z,141.4243072,43.0919616,12.4,43.3,0.1,0,0,0,0,4,2,-99999.9,-99999.9,3,[2],2.84,3.31
2c000014a2,2026-07-17T11:47:21.294Z,2026-07-03T02:52:07Z,141.4246784,43.0919008,39.5,70.4,0.2,0,0,0,0,4,2,-99999.9,-99999.9,4,[2],2.89,3.32
2c000014a2,2026-07-17T11:47:21.297Z,2026-07-03T02:54:07Z,141.4245504,43.0919872,24.7,55.6,0.6,0,0,0,0,4,2,-99999.9,-99999.9,4,[2],2.94,3.32
2c000014a2,2026-07-17T11:47:21.299Z,2026-07-03T02:56:12Z,141.4243072,43.0920576,-14.3,16.6,0.3,0,0,0,0,4,2,-99999.9,-99999.9,9,[2],2.99,3.32
2c000014a2,2026-07-17T11:47:21.301Z,2026-07-03T02:58:32Z,141.4244992,43.0920032,13.9,44.8,0,0,0,0,0,6,2,-99999.9,-99999.9,29,[2],1.68,1.71
2c000014a2,2026-07-17T11:47:21.334Z,2026-07-03T03:00:06Z,141.424576,43.0920832,21.8,52.7,0.1,0,0,0,0,4,2,-99999.9,-99999.9,3,[2],2.19,1.81
2c000014a2,2026-07-17T11:47:21.336Z,2026-07-03T03:10:06Z,141.42432,43.0921568,6.8,37.7,2.4,0,0,0,154.9,5,2,-99999.9,-99999.9,3,[2],1.79,1.67
2c000014a2,2026-07-17T11:47:21.338Z,2026-07-03T03:20:08Z,141.424512,43.0919392,6.7,37.6,0,0,0,0,0,4,2,-99999.9,-99999.9,4,[2],2.57,1.8
2c000014a2,2026-07-17T11:47:21.34Z,2026-07-03T03:30:08Z,141.42464,43.0918688,25.8,56.7,0.5,0,0,0,320.7,4,2,-99999.9,-99999.9,4,[2],2.82,1.76
2c000014a2,2026-07-17T11:47:21.342Z,2026-07-03T03:40:05Z,141.4242304,43.0921824,4.5,35.4,0.5,0,0,0,13.7,4,2,-99999.9,-99999.9,2,[2],2.44,2.23
2c000014a2,2026-07-17T11:47:21.344Z,2026-07-03T03:50:06Z,141.4246784,43.0917696,4.3,35.2,2,0,0,0,148.7,4,2,-99999.9,-99999.9,3,[2],2.2,2.31
2c000014a2,2026-07-17T11:47:21.346Z,2026-07-03T03:56:07Z,141.4244352,43.0919872,10.1,41,0.1,0,0,0,0,5,2,-99999.9,-99999.9,4,[2],1.65,1.97
2c000014a2,2026-07-17T11:47:21.348Z,2026-07-03T03:58:06Z,141.424512,43.092,5.6,36.5,0.6,0,0,0,0,4,2,-99999.9,-99999.9,3,[2],2.04,2.4
2c000014a2,2026-07-17T11:47:21.349Z,2026-07-03T04:00:06Z,141.4246016,43.0919328,7.7,38.6,1.4,0,0,0,265.1,5,2,-99999.9,-99999.9,4,[2],1.67,2.49
2c000014a2,2026-07-17T11:47:21.351Z,2026-07-03T04:02:06Z,141.4246016,43.0919488,7.8,38.7,0,0,0,0,0,5,2,-99999.9,-99999.9,4,[2],1.67,2.49
2c000014a2,2026-07-17T11:47:21.353Z,2026-07-03T04:04:05Z,141.4246528,43.0919648,10.7,41.6,0.5,0,0,0,0,5,2,-99999.9,-99999.9,3,[2],1.66,2.49
2c000014a2,2026-07-17T11:47:21.355Z,2026-07-03T04:06:08Z,141.424576,43.0917504,-1,29.9,0.7,0,0,0,154.2,5,2,-99999.9,-99999.9,6,[2],1.65,2.49
2c000014a2,2026-07-17T11:47:21.362Z,2026-07-03T04:08:08Z,141.4242304,43.0920224,-3.7,27.2,0.1,0,0,0,0,5,2,-99999.9,-99999.9,6,[2],1.65,2.49
2c000014a2,2026-07-17T11:47:21.397Z,2026-07-03T04:10:07Z,141.4243712,43.0920832,32.5,63.4,1.8,0,0,0,150.3,5,2,-99999.9,-99999.9,5,[2],1.65,2.48
2c000014a2,2026-07-17T11:47:21.398Z,2026-07-03T04:20:06Z,141.4244864,43.0919488,6.2,37.1,0.1,0,0,0,0,5,2,-99999.9,-99999.9,4,[2],1.68,2.46
2c000014a2,2026-07-17T11:47:21.4Z,2026-07-03T04:30:07Z,141.4244864,43.092144,21.4,52.3,0,0,0,0,0,4,2,-99999.9,-99999.9,5,[2],2.03,3.39
2c000014a2,2026-07-17T11:47:21.402Z,2026-07-03T04:40:12Z,141.4221312,43.0928064,29.1,60,2.7,0,0,0,116.4,4,2,-99999.9,-99999.9,10,[2],2.24,3.46
2c000014a2,2026-07-17T11:47:21.403Z,2026-07-03T04:50:07Z,141.4221824,43.0927776,38.5,69.4,0.1,0,0,0,0,4,2,-99999.9,-99999.9,5,[2],2.53,3.53
2c000014a2,2026-07-17T11:47:21.405Z,2026-07-03T05:01:01Z,141.4219776,43.0927872,4.4,35.3,0.2,0,0,0,0,6,2,-99999.9,-99999.9,60,[1],1.82,2.84
2c000014a2,2026-07-17T11:47:21.407Z,2026-07-03T05:10:06Z,141.4222592,43.0928032,44.8,75.7,0.4,0,0,0,0,6,2,-99999.9,-99999.9,5,[2],1.81,2.76
2c000014a2,2026-07-17T11:47:21.408Z,2026-07-03T05:20:05Z,141.4222592,43.0928704,47.3,78.2,1,0,0,0,91.6,6,2,-99999.9,-99999.9,4,[2],1.75,2.47
2c000014a2,2026-07-17T11:47:21.41Z,2026-07-03T05:30:08Z,141.4244352,43.0918912,1.4,32.3,0.6,0,0,0,0,6,2,-99999.9,-99999.9,7,[2],1.71,2.15
2c000014a2,2026-07-17T11:47:21.411Z,2026-07-03T05:40:08Z,141.424448,43.0920192,14.8,45.7,0,0,0,0,0,5,2,-99999.9,-99999.9,7,[2],2.03,2.6
2c000014a2,2026-07-17T11:47:21.413Z,2026-07-03T05:50:07Z,141.424704,43.0919776,64.4,95.3,0.4,0,0,0,0,6,2,-99999.9,-99999.9,5,[2],1.73,1.65
2c000014a2,2026-07-17T11:47:21.415Z,2026-07-03T06:00:49Z,141.4244736,43.0920192,13.4,44.3,0,0,0,0,0,8,2,-99999.9,-99999.9,47,"[1,2]",0.96,1.41
2c000014a2,2026-07-17T11:47:21.416Z,2026-07-03T06:20:53Z,141.4236416,43.09104,8.3,39.2,0,0,0,0,0,5,2,-99999.9,-99999.9,53,[1],2.18,3.11
2c000014a2,2026-07-17T11:47:21.456Z,2026-07-03T06:41:01Z,141.4236544,43.091088,7.9,38.8,0,0,0,0,0,9,2,-99999.9,-99999.9,58,[1],0.97,1.41
2c000014a2,2026-07-17T11:47:21.458Z,2026-07-03T07:21:02Z,141.4244224,43.0920096,9,39.9,0,0,0,0,0,4,2,-99999.9,-99999.9,58,[1],2.15,3.36
2c000014a2,2026-07-17T11:47:21.46Z,2026-07-03T08:11:24.01Z,141.4229632,43.09248,19.5,50.4,0,0,0,0,0,4,2,-99999.9,-99999.9,81,[1],2.28,2.2
2c000014a2,2026-07-17T11:47:21.462Z,2026-07-03T12:00:38.51Z,141.4108032,43.0789184,31,61.9,0,0,0,0,0,4,2,-99999.9,-99999.9,36,[1],2.06,2.84
2c000014a2,2026-07-17T11:47:21.464Z,2026-07-03T18:00:37Z,141.4106624,43.0788448,18.1,49,0.1,0,0,0,0,5,2,-99999.9,-99999.9,38,[1],2.33,3.83
2c000014a2,2026-07-17T11:47:21.466Z,2026-07-03T22:31:09Z,141.42432,43.0917408,10.4,41.3,0,0,0,0,0,6,2,-99999.9,-99999.9,68,[1],1.56,1.84
2c000014a2,2026-07-17T11:47:21.468Z,2026-07-03T23:40:03Z,141.4243072,43.0915232,15.6,46.5,12.7,0,0,0,216.5,6,2,-99999.9,-99999.9,2,[2],1.13,1.92
2c000014a2,2026-07-17T11:47:21.469Z,2026-07-03T23:41:06Z,141.424,43.0911136,14.5,45.4,0.2,0,0,0,0,6,2,-99999.9,-99999.9,4,[4],1.14,1.92
2c000014a2,2026-07-17T11:47:21.471Z,2026-07-03T23:42:05Z,141.4240384,43.090992,49.6,80.5,0.3,0,0,0,0,5,2,-99999.9,-99999.9,3,[4],1.33,1.91
2c000014a2,2026-07-17T11:47:21.474Z,2026-07-03T23:43:05Z,141.424,43.0907936,60.9,91.8,1,0,0,0,316.1,4,2,-99999.9,-99999.9,3,[4],1.56,2.15
2c000014a2,2026-07-17T11:47:21.476Z,2026-07-03T23:50:05Z,141.4238848,43.091152,27.7,58.6,0.7,0,0,0,115,5,2,-99999.9,-99999.9,3,[2],1.58,2.01
2c000014a2,2026-07-17T11:47:21.478Z,2026-07-04T00:00:14.96Z,141.4241664,43.090512,164.9,195.8,0.2,0,0,0,0,5,2,-99999.9,-99999.9,14,[1],2.68,4.56
2c000014a2,2026-07-17T11:47:21.479Z,2026-07-04T00:10:51Z,141.4244992,43.0920192,11.6,42.5,0,0,0,0,0,6,2,-99999.9,-99999.9,47,[1],1.75,1.3
2c000014a2,2026-07-17T11:47:21.528Z,2026-07-04T00:21:09Z,141.4221184,43.0929024,27.3,58.2,0.2,0,0,0,0,8,2,-99999.9,-99999.9,65,[1],2.17,2.71
2c000014a2,2026-07-17T11:47:21.53Z,2026-07-04T00:51:30Z,141.4238848,43.0911776,18.6,49.5,0,0,0,0,0,8,2,-99999.9,-99999.9,87,[1],1.07,1.41
2c000014a2,2026-07-17T11:47:21.532Z,2026-07-04T01:20:32Z,141.4207872,43.0927136,25.5,56.4,0,0,0,0,0,3,2,-99999.9,-99999.9,28,[2],1.52,3.1
2c000014a2,2026-07-17T11:47:21.534Z,2026-07-04T01:31:35Z,141.4230016,43.0941056,25.3,56.2,0.2,0,0,0,0,4,2,-99999.9,-99999.9,91,[1],2.39,7.08
2c000014a2,2026-07-17T11:47:21.536Z,2026-07-04T02:40:49Z,141.424448,43.0919584,12.3,43.2,0,0,0,0,0,7,2,-99999.9,-99999.9,46,[2],1.74,2.1
2c000014a2,2026-07-17T11:47:21.538Z,2026-07-04T03:10:08Z,141.4243712,43.0919392,-21.1,9.8,0,0,0,0,0,6,2,-99999.9,-99999.9,6,[2],2.59,4.68
2c000014a2,2026-07-17T11:47:21.54Z,2026-07-04T03:50:31Z,141.4244352,43.0919904,12.6,43.5,0.1,0,0,0,0,8,2,-99999.9,-99999.9,29,[2],1.1,1.64
2c000014a2,2026-07-17T11:47:21.543Z,2026-07-04T04:00:06Z,141.4243456,43.0919104,5.2,36.1,0.2,0,0,0,0,6,2,-99999.9,-99999.9,4,[2],1.25,2.25
2c000014a2,2026-07-17T11:47:21.545Z,2026-07-04T04:10:04Z,141.4244224,43.0919648,16,46.9,1.4,0,0,0,161.8,7,2,-99999.9,-99999.9,2,[1],1.1,1.45
2c000014a2,2026-07-17T11:47:21.546Z,2026-07-04T04:20:06Z,141.4243968,43.0921472,13.9,44.8,0.1,0,0,0,0,7,2,-99999.9,-99999.9,4,[1],1.06,1.33
2c000014a2,2026-07-17T11:47:21.548Z,2026-07-04T04:30:07Z,141.4244224,43.0919872,18,48.9,0.2,0,0,0,0,6,2,-99999.9,-99999.9,4,[1],1.14,1.48
2c000014a2,2026-07-17T11:47:21.55Z,2026-07-04T04:40:04.5Z,141.4244736,43.091952,30.7,61.6,0.5,0,0,0,0,5,2,-99999.9,-99999.9,3,[1],1.36,2.11
2c000014a2,2026-07-17T11:47:21.553Z,2026-07-04T04:50:06Z,141.4226816,43.0925152,13.4,44.3,0.7,0,0,0,0,4,2,-99999.9,-99999.9,4,[1],2.49,3.35
2c000014a2,2026-07-17T11:47:21.59Z,2026-07-04T05:00:06Z,141.4229248,43.0925984,11.4,42.3,0.1,0,0,0,0,5,2,-99999.9,-99999.9,4,[1],1.26,1.83
2c000014a2,2026-07-17T11:47:21.592Z,2026-07-04T05:10:07Z,141.4244224,43.0920608,16.3,47.2,0.3,0,0,0,0,5,2,-99999.9,-99999.9,5,[1],1.23,1.7
2c000014a2,2026-07-17T11:47:21.594Z,2026-07-04T05:20:06Z,141.424448,43.0919296,8.3,39.2,3.2,0,0,0,153.5,5,2,-99999.9,-99999.9,3,[1],1.21,1.59
2c000014a2,2026-07-17T11:47:21.596Z,2026-07-04T05:30:04Z,141.4243968,43.0919616,16.3,47.2,0.2,0,0,0,0,5,2,-99999.9,-99999.9,2,[2],1.2,1.49
2c000014a2,2026-07-17T11:47:21.598Z,2026-07-04T05:40:03.5Z,141.424128,43.0920704,7.1,38,0.1,0,0,0,0,4,2,-99999.9,-99999.9,2,[2],2.85,1.57
2c000014a2,2026-07-17T11:47:21.601Z,2026-07-04T05:48:31Z,141.4244224,43.0920128,16.3,47.2,0,0,0,0,0,8,2,-99999.9,-99999.9,30,[1],1.04,1.36
2c000014a2,2026-07-17T11:47:21.602Z,2026-07-04T05:50:06Z,141.4230144,43.0925408,20.3,51.2,0.1,0,0,0,0,5,2,-99999.9,-99999.9,5,[2],1.76,2.82
2c000014a2,2026-07-17T11:47:21.604Z,2026-07-04T06:00:04Z,141.4241536,43.0917056,17.7,48.6,0.3,0,0,0,359.9,8,2,-99999.9,-99999.9,3,"[1,2]",1.03,1.28
2c000014a2,2026-07-17T11:47:21.608Z,2026-07-04T06:08:04Z,141.4237184,43.091152,25,55.9,0.3,0,0,0,200.5,6,2,-99999.9,-99999.9,3,[2],1.36,2.48
2c000014a2,2026-07-17T11:47:21.609Z,2026-07-04T06:10:04Z,141.4236416,43.091232,1,31.9,0.1,0,0,0,0,5,2,-99999.9,-99999.9,3,[2],1.41,2.96
2c000014a2,2026-07-17T11:47:21.611Z,2026-07-04T06:12:04Z,141.4234368,43.0913472,24.2,55.1,0.1,0,0,0,0,4,2,-99999.9,-99999.9,3,[2],2.28,4.69
2c000014a2,2026-07-17T11:47:21.613Z,2026-07-04T06:14:04Z,141.4233984,43.0914208,25.8,56.7,0.1,0,0,0,0,6,2,-99999.9,-99999.9,3,[2],1.33,2.4
2c000014a2,2026-07-17T11:47:21.615Z,2026-07-04T06:16:04Z,141.424,43.0911776,13.6,44.5,0.2,0,0,0,0,5,2,-99999.9,-99999.9,3,[2],1.53,2.67
2c000014a2,2026-07-17T11:47:21.648Z,2026-07-04T06:18:04Z,141.423872,43.091296,4.6,35.5,0.5,0,0,0,206,6,2,-99999.9,-99999.9,3,[2],1.31,2.34
2c000014a2,2026-07-17T11:47:21.65Z,2026-07-04T06:20:04Z,141.4240512,43.0913216,14,44.9,1.6,0,0,0,49.6,6,2,-99999.9,-99999.9,3,[2],1.31,2.31
2c000014a2,2026-07-17T11:47:21.652Z,2026-07-04T06:22:04Z,141.4240384,43.0912448,-7.1,23.8,0.1,0,0,0,0,5,2,-99999.9,-99999.9,3,[2],1.5,2.57
2c000014a2,2026-07-17T11:47:21.654Z,2026-07-04T06:24:05Z,141.4228864,43.0925792,17.9,48.8,0.2,0,0,0,0,6,2,-99999.9,-99999.9,4,[2],1.29,2.25
2c000014a2,2026-07-17T11:47:21.656Z,2026-07-04T06:26:04Z,141.4229632,43.0925248,19.2,50.1,0.3,0,0,0,0,5,2,-99999.9,-99999.9,3,[2],1.32,2.3
2c000014a2,2026-07-17T11:47:21.658Z,2026-07-04T06:28:04Z,141.4228992,43.0924544,21.9,52.8,0.1,0,0,0,0,5,2,-99999.9,-99999.9,3,[2],1.72,2.85
2c000014a2,2026-07-17T11:47:21.66Z,2026-07-04T06:30:05Z,141.422912,43.0925632,50.5,81.4,0.1,0,0,0,0,5,2,-99999.9,-99999.9,4,[2],1.71,2.85
2c000014a2,2026-07-17T11:47:21.662Z,2026-07-04T06:32:06Z,141.422912,43.0925056,84.7,115.6,0,0,0,0,0,5,2,-99999.9,-99999.9,5,[2],1.71,2.86
2c000014a2,2026-07-17T11:47:21.664Z,2026-07-04T06:34:05Z,141.4230528,43.092336,108.9,139.8,0.1,0,0,0,0,4,2,-99999.9,-99999.9,4,[2],2.36,4.53
2c000014a2,2026-07-17T11:47:21.665Z,2026-07-04T06:36:05Z,141.4228608,43.092496,74.5,105.4,0.9,0,0,0,0,5,2,-99999.9,-99999.9,4,[2],1.43,2.31
2c000014a2,2026-07-17T11:47:21.667Z,2026-07-04T06:38:05Z,141.4226432,43.0925376,46.4,77.3,0.1,0,0,0,0,5,2,-99999.9,-99999.9,4,[2],1.43,2.27
2c000014a2,2026-07-17T11:47:21.669Z,2026-07-04T06:40:06Z,141.4230784,43.0925472,62.2,93.1,0.4,0,0,0,0,4,2,-99999.9,-99999.9,5,[2],1.71,2.97
2c000014a2,2026-07-17T11:47:21.671Z,2026-07-04T06:44:04Z,141.422976,43.0924448,26.8,57.7,0.3,0,0,0,0,5,2,-99999.9,-99999.9,3,[2],1.33,2.18
2c000014a2,2026-07-17T11:47:21.705Z,2026-07-04T06:46:05Z,141.4228864,43.0925984,-0.6,30.3,1.2,0,0,0,358.1,6,2,-99999.9,-99999.9,4,[2],1.22,1.89
2c000014a2,2026-07-17T11:47:21.707Z,2026-07-04T06:48:04Z,141.4229248,43.0925344,5,35.9,1,0,0,0,32.8,5,2,-99999.9,-99999.9,3,[2],1.68,2.85
2c000014a2,2026-07-17T11:47:21.709Z,2026-07-04T06:50:04Z,141.4228224,43.0925408,18,48.9,0,0,0,0,0,6,2,-99999.9,-99999.9,3,[2],1.21,1.83
2c000014a2,2026-07-17T11:47:21.711Z,2026-07-04T06:52:04Z,141.4228864,43.0923808,20.1,51,1.1,0,0,0,58,6,2,-99999.9,-99999.9,3,[2],1.2,1.8
2c000014a2,2026-07-17T11:47:21.712Z,2026-07-04T06:54:04Z,141.4228992,43.0924736,25.7,56.6,0.2,0,0,0,0,5,2,-99999.9,-99999.9,3,[2],1.68,2.83
2c000014a2,2026-07-17T11:47:21.714Z,2026-07-04T06:56:05Z,141.4228864,43.0925216,34.5,65.4,0.3,0,0,0,0,5,2,-99999.9,-99999.9,4,[2],1.36,1.95
2c000014a2,2026-07-17T11:47:21.716Z,2026-07-04T06:58:05Z,141.4229888,43.0925056,76,106.9,0.1,0,0,0,0,4,2,-99999.9,-99999.9,4,[2],1.93,3.34
2c000014a2,2026-07-17T11:47:21.717Z,2026-07-04T07:00:08Z,141.422912,43.0924608,40.1,71,0,0,0,0,0,6,2,-99999.9,-99999.9,7,[2],1.33,1.69
2c000014a2,2026-07-17T11:47:21.719Z,2026-07-04T07:10:05Z,141.4244352,43.0919488,51.3,82.2,0.1,0,0,0,0,5,2,-99999.9,-99999.9,4,[2],1.59,1.86
2c000014a2,2026-07-17T11:47:21.722Z,2026-07-04T07:14:04Z,141.424448,43.0919232,35.8,66.7,0,0,0,0,0,5,2,-99999.9,-99999.9,3,[2],1.55,1.79
2c000014a2,2026-07-17T11:47:21.723Z,2026-07-04T07:16:08Z,141.4243968,43.0919136,54.7,85.6,0,0,0,0,0,6,2,-99999.9,-99999.9,7,[2],1.25,1.48
2c000014a2,2026-07-17T11:47:21.725Z,2026-07-04T07:18:18Z,141.4244352,43.0920096,16.8,47.7,0,0,0,0,0,5,2,-99999.9,-99999.9,17,[1],2.29,3.12
2c000014a2,2026-07-17T11:47:21.727Z,2026-07-04T07:20:31Z,141.4244736,43.0919776,22,52.9,0,0,0,0,0,4,2,-99999.9,-99999.9,29,[1],1.63,4.92
2c000014a2,2026-07-17T11:47:21.766Z,2026-07-04T07:31:02Z,141.4229376,43.0924832,25.6,56.5,0.1,0,0,0,0,6,2,-99999.9,-99999.9,60,[1],1.4,2.04
2c000014a2,2026-07-17T11:47:21.767Z,2026-07-04T07:51:35Z,141.4246016,43.0914752,-141.6,-110.7,0.4,0,0,0,117.1,3,2,-99999.9,-99999.9,94,[1],11.06,13.08
2c000014a2,2026-07-17T11:47:21.769Z,2026-07-04T09:20:31.01Z,141.4263296,43.0925984,8.7,39.6,0,0,0,0,0,6,2,-99999.9,-99999.9,30,[1],1.57,2.13
2c000014a2,2026-07-17T11:47:21.77Z,2026-07-04T12:00:30.99Z,141.415552,43.0966784,22.8,53.7,0,0,0,0,0,5,2,-99999.9,-99999.9,31,[1],2.36,1.76
2c000014a2,2026-07-17T11:47:21.773Z,2026-07-04T18:00:31.01Z,141.415616,43.0966944,26.5,57.4,0,0,0,0,0,5,2,-99999.9,-99999.9,29,[1],1.52,1.9
2c000014a2,2026-07-17T11:47:21.775Z,2026-07-05T00:00:31Z,141.4226944,43.0942656,18.3,49.2,0,0,0,0,0,8,2,-99999.9,-99999.9,32,[1],0.89,1.18
2c000014a2,2026-07-17T11:47:21.776Z,2026-07-05T01:40:50Z,141.424512,43.092288,77.7,108.6,0,0,0,0,0,4,2,-99999.9,-99999.9,47,[1],2.1,2.47
2c000014a2,2026-07-17T11:47:21.778Z,2026-07-05T02:21:13Z,141.4241152,43.0927168,12.1,43,0.1,0,0,0,0,8,2,-99999.9,-99999.9,72,[1],1.39,2.04
2c000014a2,2026-07-17T11:47:21.78Z,2026-07-05T05:40:30Z,141.4244352,43.0920512,13.2,44.1,0,0,0,0,0,6,2,-99999.9,-99999.9,30,[1],1,1.4
2c000014a2,2026-07-17T11:47:21.782Z,2026-07-05T06:00:08Z,141.4243456,43.0919328,15.9,46.8,0.1,0,0,0,0,4,2,-99999.9,-99999.9,5,[1],1.52,1.91
2c000014a2,2026-07-17T11:47:21.783Z,2026-07-05T06:31:05Z,141.4218496,43.0922176,63.2,94.1,0.1,0,0,0,0,5,2,-99999.9,-99999.9,62,[1],1.73,3.12
2c000014a2,2026-07-17T11:47:21.786Z,2026-07-05T08:50:32Z,141.4244352,43.0919904,14.4,45.3,0,0,0,0,0,4,2,-99999.9,-99999.9,29,[2],2.48,2.53
2c000014a2,2026-07-17T11:47:21.787Z,2026-07-05T12:00:30.99Z,141.415872,43.0965376,18.5,49.4,0,0,0,0,0,5,2,-99999.9,-99999.9,29,[1],2.24,1.98
2c000014a2,2026-07-17T11:47:21.827Z,2026-07-05T18:00:31Z,141.415744,43.096512,16.4,47.3,0,0,0,0,0,7,2,-99999.9,-99999.9,31,[1],1.22,1.51
2c000014a2,2026-07-17T11:47:21.829Z,2026-07-06T00:00:49Z,141.424448,43.0919872,17.4,48.3,0,0,0,0,0,5,2,-99999.9,-99999.9,49,[1],1.8,1.82
2c000014a2,2026-07-17T11:47:21.831Z,2026-07-06T03:21:01Z,141.4244096,43.0919424,17.6,48.5,0.1,0,0,0,0,6,2,-99999.9,-99999.9,58,[1],1.36,1.85
2c000014a2,2026-07-17T11:47:21.833Z,2026-07-06T03:40:05Z,141.4220032,43.0927744,13.8,44.7,0.2,0,0,0,0,6,2,-99999.9,-99999.9,3,[2],1.29,2.04
2c000014a2,2026-07-17T11:47:21.835Z,2026-07-06T03:50:05Z,141.423808,43.0910496,43.7,74.6,0.1,0,0,0,0,5,2,-99999.9,-99999.9,3,[2],1.52,2.4
2c000014a2,2026-07-17T11:47:21.837Z,2026-07-06T04:00:04Z,141.420992,43.0926784,16.2,47.1,1.8,0,0,0,200.5,6,2,-99999.9,-99999.9,2,[2],1.33,2.18
2c000014a2,2026-07-17T11:47:21.839Z,2026-07-06T04:10:05Z,141.4211456,43.0926656,24.4,55.3,0.9,0,0,0,279.2,6,2,-99999.9,-99999.9,4,[2],1.4,2.2
2c000014a2,2026-07-17T11:47:21.841Z,2026-07-06T04:20:05Z,141.4208128,43.092784,1,31.9,0.7,0,0,0,153.2,5,2,-99999.9,-99999.9,4,[2],1.64,3.15
2c000014a2,2026-07-17T11:47:21.842Z,2026-07-06T04:28:06Z,141.4244992,43.0918048,37.1,68,0,0,0,0,0,5,2,-99999.9,-99999.9,5,[2],1.72,3.17
2c000014a2,2026-07-17T11:47:21.844Z,2026-07-06T04:30:04Z,141.4245632,43.0920864,68.2,99.1,1.5,0,0,0,123.4,5,2,-99999.9,-99999.9,3,[2],1.82,2.32
2c000014a2,2026-07-17T11:47:21.846Z,2026-07-06T04:32:04Z,141.4243456,43.0920128,20.7,51.6,0,0,0,0,0,5,2,-99999.9,-99999.9,3,[2],1.76,3.14
2c000014a2,2026-07-17T11:47:21.847Z,2026-07-06T04:34:05Z,141.424832,43.0920384,110.6,141.5,0.7,0,0,0,251.4,5,2,-99999.9,-99999.9,4,[2],2.07,2.49
2c000014a2,2026-07-17T11:47:21.849Z,2026-07-06T04:36:05Z,141.42464,43.0920448,35.3,66.2,0.2,0,0,0,0,5,2,-99999.9,-99999.9,4,[2],1.81,3.09
2c000014a2,2026-07-17T11:47:21.885Z,2026-07-06T04:38:04Z,141.4243328,43.0919616,23.7,54.6,0.4,0,0,0,0,5,2,-99999.9,-99999.9,3,[2],1.83,3.05
2c000014a2,2026-07-17T11:47:21.887Z,2026-07-06T04:40:04Z,141.424448,43.0922112,37.3,68.2,2.3,0,0,0,148.9,6,2,-99999.9,-99999.9,3,[2],1.74,2.02
2c000014a2,2026-07-17T11:47:21.889Z,2026-07-06T04:42:05Z,141.4246656,43.0917024,159.3,190.2,0.3,0,0,0,0,5,2,-99999.9,-99999.9,4,[2],2.16,2.46
2c000014a2,2026-07-17T11:47:21.891Z,2026-07-06T04:50:05Z,141.4243072,43.091968,-6.2,24.7,1.6,0,0,0,156.1,4,2,-99999.9,-99999.9,4,[2],2.5,3.38
2c000014a2,2026-07-17T11:47:21.892Z,2026-07-06T05:00:06Z,141.42464,43.0919584,33.6,64.5,0.2,0,0,0,0,5,2,-99999.9,-99999.9,5,[2],1.99,2.44
2c000014a2,2026-07-17T11:47:21.894Z,2026-07-06T05:10:06Z,141.4243456,43.0920096,-1.5,29.4,0.1,0,0,0,0,5,2,-99999.9,-99999.9,5,[2],1.99,2.11
2c000014a2,2026-07-17T11:47:21.896Z,2026-07-06T05:20:13Z,141.4242432,43.092224,16.1,47,0,0,0,0,0,5,2,-99999.9,-99999.9,12,[2],1.99,1.83
2c000014a2,2026-07-17T11:47:21.898Z,2026-07-06T05:30:09Z,141.4244992,43.0920768,10.2,41.1,0.1,0,0,0,0,5,2,-99999.9,-99999.9,8,[2],1.99,1.6
2c000014a2,2026-07-17T11:47:21.9Z,2026-07-06T05:40:31Z,141.4244864,43.092208,24.6,55.5,0.1,0,0,0,0,6,2,-99999.9,-99999.9,30,[2],1.89,2.14
2c000014a2,2026-07-17T11:47:21.902Z,2026-07-06T05:50:04Z,141.4226176,43.093824,69.2,100.1,0.6,0,0,0,11.3,6,2,-99999.9,-99999.9,2,[2],2.2,2.37
2c000014a2,2026-07-17T11:47:21.904Z,2026-07-06T06:00:39Z,141.422848,43.0942656,0.2,31.1,0,0,0,0,0,7,2,-99999.9,-99999.9,37,"[1,2]",2.26,3.36
2c000014a2,2026-07-17T11:47:21.906Z,2026-07-06T07:40:40.5Z,141.4231168,43.094176,6.7,37.6,0,0,0,0,0,6,2,-99999.9,-99999.9,41,[2],2.36,3.57
2c000014a2,2026-07-17T11:47:21.907Z,2026-07-06T12:00:31Z,141.4154624,43.0967264,20.5,51.4,0.1,0,0,0,0,5,2,-99999.9,-99999.9,28,[1],2.43,1.6
2c000014a2,2026-07-17T11:47:21.944Z,2026-07-06T18:00:31Z,141.4154752,43.096752,21,51.9,0,0,0,0,0,6,2,-99999.9,-99999.9,30,[1],1.23,1.54
2c000014a2,2026-07-17T11:47:21.947Z,2026-07-07T00:00:31Z,141.4262528,43.09264,14,44.9,0,0,0,0,0,5,2,-99999.9,-99999.9,32,[1],2.34,1.66
2c000014a2,2026-07-17T11:47:21.949Z,2026-07-07T00:11:01Z,141.4220928,43.0928256,16.7,47.6,0,0,0,0,0,5,2,-99999.9,-99999.9,58,[1],1.57,2.07
2c000014a2,2026-07-17T11:47:21.951Z,2026-07-07T01:20:48Z,141.4244352,43.0920096,4.3,35.2,0,0,0,0,0,6,2,-99999.9,-99999.9,47,[1],1.75,1.8
2c000014a2,2026-07-17T11:47:21.954Z,2026-07-07T01:31:49Z,141.4227712,43.0925952,57.9,88.8,0,0,0,0,0,4,2,-99999.9,-99999.9,108,[1],2.16,2.79
2c000014a2,2026-07-17T11:47:21.957Z,2026-07-07T02:40:31Z,141.424448,43.0919424,14.1,45,0,0,0,0,0,5,2,-99999.9,-99999.9,28,[2],1.84,2.39
2c000014a2,2026-07-17T11:47:21.958Z,2026-07-07T03:30:07Z,141.4245888,43.09168,21,51.9,2.3,0,0,0,209.4,4,2,-99999.9,-99999.9,5,[2],1.87,3.72
2c000014a2,2026-07-17T11:47:21.96Z,2026-07-07T03:40:09Z,141.4249984,43.0920192,2.4,33.3,0.9,0,0,0,27.1,4,2,-99999.9,-99999.9,8,[2],1.67,2.77
2c000014a2,2026-07-17T11:47:21.963Z,2026-07-07T03:50:07Z,141.4244992,43.0918112,-0.1,30.8,0.4,0,0,0,0,5,2,-99999.9,-99999.9,6,[2],1.61,2.53
2c000014a2,2026-07-17T11:47:21.965Z,2026-07-07T04:00:05Z,141.424576,43.0919328,5.3,36.2,0.1,0,0,0,0,4,2,-99999.9,-99999.9,4,[2],2.04,3.69
2c000014a2,2026-07-17T11:47:21.966Z,2026-07-07T04:10:10Z,141.4248448,43.0920032,56,86.9,2,0,0,0,182.3,4,2,-99999.9,-99999.9,9,[2],2.17,3.46
2c000014a2,2026-07-17T11:47:21.968Z,2026-07-07T04:20:06Z,141.4247296,43.092064,23.8,54.7,0.9,0,0,0,0,4,2,-99999.9,-99999.9,5,[2],2.3,3.15
2c000014a2,2026-07-17T11:47:21.97Z,2026-07-07T04:30:07Z,141.4248832,43.0920832,42.7,73.6,0.9,0,0,0,0,4,2,-99999.9,-99999.9,6,[2],2.42,2.8
2c000014a2,2026-07-17T11:47:22.011Z,2026-07-07T04:40:32Z,141.424448,43.091984,10.9,41.8,0,0,0,0,0,5,2,-99999.9,-99999.9,31,[2],1.83,2.01
2c000014a2,2026-07-17T11:47:22.013Z,2026-07-07T06:00:41Z,141.4244736,43.092144,19.1,50,0.2,0,0,0,0,7,2,-99999.9,-99999.9,42,[1],2.51,1.81
2c000014a2,2026-07-17T11:47:22.015Z,2026-07-07T06:21:02Z,141.4244224,43.0919104,8.6,39.5,0,0,0,0,0,6,2,-99999.9,-99999.9,57,[2],1.58,2.03
2c000014a2,2026-07-17T11:47:22.017Z,2026-07-07T09:00:55Z,141.4256768,43.0930912,11.3,42.2,0,0,0,0,0,5,2,-99999.9,-99999.9,52,[1],1.82,2.09
2c000014a2,2026-07-17T11:47:22.021Z,2026-07-07T12:00:32Z,141.4246016,43.090688,19.4,50.3,0,0,0,0,0,4,2,-99999.9,-99999.9,30,[1],2.03,2.67
2c000014a2,2026-07-17T11:47:22.023Z,2026-07-07T18:00:31Z,141.424576,43.0906976,13.7,44.6,0,0,0,0,0,7,2,-99999.9,-99999.9,31,[1],1.2,1.64
2c000014a2,2026-07-17T11:47:22.024Z,2026-07-08T00:01:01Z,141.4244736,43.0919584,22,52.9,0,0,0,0,0,7,2,-99999.9,-99999.9,61,[1],1,1.61
2c000014a2,2026-07-17T11:47:22.026Z,2026-07-08T02:51:01Z,141.4244736,43.0919872,10.1,41,0,0,0,0,0,8,2,-99999.9,-99999.9,59,[1],0.91,1.19
2c000014a2,2026-07-17T11:47:22.028Z,2026-07-08T04:50:07.93Z,141.4244352,43.0919328,-0.2,30.7,0.1,0,0,0,0,4,2,-99999.9,-99999.9,7,[2],1.34,2.27
2c000014a2,2026-07-17T11:47:22.03Z,2026-07-08T05:00:10Z,141.4244864,43.091904,-11.3,19.6,0.1,0,0,0,0,4,2,-99999.9,-99999.9,6,[2],1.28,1.95
2c000014a2,2026-07-17T11:47:22.032Z,2026-07-08T05:10:19Z,141.4243328,43.0920832,11.7,42.6,0.9,0,0,0,0,4,2,-99999.9,-99999.9,15,[2],1.26,1.72
2c000014a2,2026-07-17T11:47:22.034Z,2026-07-08T05:30:14Z,141.4243712,43.0919616,16.4,47.3,0.3,0,0,0,0,4,2,-99999.9,-99999.9,10,[2],1.26,1.44
2c000014a2,2026-07-17T11:47:22.036Z,2026-07-08T05:40:39Z,141.4244352,43.091968,15.4,46.3,0,0,0,0,0,12,2,-99999.9,-99999.9,35,[1],0.86,1.04
2c000014a2,2026-07-17T11:47:22.074Z,2026-07-08T06:00:07Z,141.4245504,43.091952,0.4,31.3,0.6,0,0,0,0,7,2,-99999.9,-99999.9,4,"[1,2]",1.11,1.17
2c000014a2,2026-07-17T11:47:22.076Z,2026-07-08T06:10:07Z,141.4238848,43.0922048,51.7,82.6,0.8,0,0,0,315.7,8,2,-99999.9,-99999.9,4,[2],1.26,1.74
2c000014a2,2026-07-17T11:47:22.078Z,2026-07-08T06:20:07Z,141.4236288,43.091104,47.2,78.1,0.4,0,0,0,0,8,2,-99999.9,-99999.9,4,[2],1.21,2.04
2c000014a2,2026-07-17T11:47:22.081Z,2026-07-08T06:30:07Z,141.4244864,43.0919136,21.5,52.4,2.6,0,0,0,31.8,7,2,-99999.9,-99999.9,4,[2],1.7,2.23
2c000014a2,2026-07-17T11:47:22.082Z,2026-07-08T06:40:07Z,141.4245504,43.0919776,14.4,45.3,0.5,0,0,0,0,8,2,-99999.9,-99999.9,4,[2],1.19,1.97
2c000014a2,2026-07-17T11:47:22.087Z,2026-07-08T06:50:07Z,141.4244992,43.0918272,38.7,69.6,0.4,0,0,0,0,7,2,-99999.9,-99999.9,4,[2],1.26,1.91
2c000014a2,2026-07-17T11:47:22.089Z,2026-07-08T07:00:07Z,141.4244864,43.0917344,40,70.9,1,0,0,0,35.7,7,2,-99999.9,-99999.9,4,[2],1.27,1.86
2c000014a2,2026-07-17T11:47:22.091Z,2026-07-08T07:10:31Z,141.4244096,43.092,7.4,38.3,0,0,0,0,0,5,2,-99999.9,-99999.9,28,[1],2.91,3.77
2c000014a2,2026-07-17T11:47:22.094Z,2026-07-08T07:21:01Z,141.4244224,43.0919648,13.5,44.4,0,0,0,0,0,8,2,-99999.9,-99999.9,58,[1],0.96,1.38
2c000014a2,2026-07-17T11:47:22.096Z,2026-07-08T07:50:31Z,141.4251008,43.0926144,16,46.9,0,0,0,0,0,4,2,-99999.9,-99999.9,27,[2],2.88,4.81
2c000014a2,2026-07-17T11:47:22.098Z,2026-07-08T08:21:01Z,141.4157696,43.079104,23.1,54,0.2,0,0,0,0,6,2,-99999.9,-99999.9,58,[1],1.04,2.01
2c000014a2,2026-07-17T11:47:22.1Z,2026-07-08T12:00:31Z,141.4097792,43.068192,51.4,82.4,0,0,0,0,0,3,2,-99999.9,-99999.9,30,[1],2.39,4.5
2c000014a2,2026-07-17T11:47:22.102Z,2026-07-08T18:00:41Z,141.409792,43.0680896,37.1,68.1,0,0,0,0,0,7,2,-99999.9,-99999.9,42,[1],2.37,3.69
2c000014a2,2026-07-17T11:47:22.143Z,2026-07-09T00:00:40.5Z,141.4297472,43.088752,17.6,48.5,0,0,0,0,0,6,2,-99999.9,-99999.9,39,[1],1.45,1.55
2c000014a2,2026-07-17T11:47:22.147Z,2026-07-09T03:10:55Z,141.4279936,43.0885888,11.1,42,0.2,0,0,0,0,6,2,-99999.9,-99999.9,53,[1],1.68,1.75
2c000014a2,2026-07-17T11:47:22.149Z,2026-07-09T06:00:39Z,141.4279936,43.088592,17.1,48,0,0,0,0,0,6,2,-99999.9,-99999.9,38,[1],1.48,2.83
2c000014a2,2026-07-17T11:47:22.151Z,2026-07-09T12:00:53Z,141.4097024,43.0680384,36.9,67.9,0,0,0,0,0,5,2,-99999.9,-99999.9,53,[1],2.24,3.42
2c000014a2,2026-07-17T11:47:22.153Z,2026-07-09T18:00:41Z,141.4096896,43.0680768,28.6,59.6,0,0,0,0,0,6,2,-99999.9,-99999.9,42,[1],1.42,1.88
2c000014a2,2026-07-17T11:47:22.155Z,2026-07-10T00:01:31Z,141.4332032,43.0910784,22,52.9,0.1,0,0,0,0,6,2,-99999.9,-99999.9,90,[1],2.28,5.34
2c000014a2,2026-07-17T11:47:22.156Z,2026-07-10T06:01:02Z,141.4254208,43.0884032,30,60.9,0.1,0,0,0,0,4,2,-99999.9,-99999.9,62,[1],2,4.19
2c000014a2,2026-07-17T11:47:22.158Z,2026-07-10T07:10:31Z,141.4272,43.0884352,9.4,40.3,0,0,0,0,0,6,2,-99999.9,-99999.9,29,[1],1.51,1.74
2c000014a2,2026-07-17T11:47:22.16Z,2026-07-10T08:40:31Z,141.4296832,43.086608,18.8,49.7,0,0,0,0,0,5,2,-99999.9,-99999.9,29,[1],2.27,2.73
2c000014a2,2026-07-17T11:47:22.161Z,2026-07-10T12:00:31Z,141.4646912,42.807152,688.3,719.5,11.7,0,0,0,185.8,6,2,-99999.9,-99999.9,31,[1],1.42,2.06
2c000014a2,2026-07-17T11:47:22.163Z,2026-07-10T12:01:06Z,141.4646272,42.8028896,647,678.2,13.9,0,0,0,179.5,5,2,-99999.9,-99999.9,2,[4],1.49,2.44
2c000014a2,2026-07-17T11:47:22.164Z,2026-07-10T18:00:31Z,140.9108864,42.3998688,17.9,50.6,0,0,0,0,0,8,2,-99999.9,-99999.9,30,[1],0.93,1.42
2c000014a2,2026-07-17T11:47:22.166Z,2026-07-11T00:00:39Z,140.9206272,42.3835488,21.9,54.6,0,0,0,0,0,5,2,-99999.9,-99999.9,41,[1],1.84,2.28
2c000014a2,2026-07-17T11:47:22.21Z,2026-07-11T03:30:31.01Z,140.9243648,42.3841856,75.1,107.8,0,0,0,0,0,4,2,-99999.9,-99999.9,29,[1],1.74,3.41
2c000014a2,2026-07-17T11:47:22.213Z,2026-07-11T04:50:32Z,140.9243264,42.3845856,36.7,69.4,0.1,0,0,0,0,5,2,-99999.9,-99999.9,30,[1],1.45,1.8
2c000014a2,2026-07-17T11:47:22.215Z,2026-07-11T06:01:31Z,140.9254016,42.3847872,18.5,51.2,0,0,0,0,0,9,2,-99999.9,-99999.9,91,[1],1.09,1.69
2c000014a2,2026-07-17T11:47:22.216Z,2026-07-11T06:40:31Z,140.9248,42.3846784,39.5,72.2,0,0,0,0,0,8,2,-99999.9,-99999.9,27,[1],1.06,1.93
2c000014a2,2026-07-17T11:47:22.218Z,2026-07-11T07:00:31Z,140.9105536,42.3824768,13.7,46.4,0,0,0,0,0,5,2,-99999.9,-99999.9,27,[1],1.52,2.22
2c000014a2,2026-07-17T11:47:22.224Z,2026-07-11T07:30:54.01Z,140.9095552,42.382992,18,50.7,0,0,0,0,0,10,2,-99999.9,-99999.9,51,[1],0.88,1.24
2c000014a2,2026-07-17T11:47:22.226Z,2026-07-11T08:01:00.01Z,140.9098752,42.3823296,3,35.7,0,0,0,0,0,5,2,-99999.9,-99999.9,57,[1],1.27,2.92
2c000014a2,2026-07-17T11:47:22.229Z,2026-07-11T08:20:31Z,140.910528,42.382496,19.7,52.4,0,0,0,0,0,4,2,-99999.9,-99999.9,27,[1],2.85,2.25
2c000014a2,2026-07-17T11:47:22.233Z,2026-07-11T12:00:31Z,141.0048384,41.966672,546.6,579.7,9.6,0,0,0,181,6,2,-99999.9,-99999.9,29,[1],1.2,1.83
2c000014a2,2026-07-17T11:47:22.236Z,2026-07-11T12:01:41Z,141.0062976,41.9600096,560,593.1,12,0,0,0,169.1,12,2,-99999.9,-99999.9,40,[4],0.86,1.53
2c000014a2,2026-07-17T11:47:22.238Z,2026-07-11T12:02:12Z,141.0073728,41.9559136,622.8,655.9,11,0,0,0,173.1,11,2,-99999.9,-99999.9,11,[4],0.9,1.43
2c000014a2,2026-07-17T11:47:22.241Z,2026-07-11T18:00:31Z,140.77856,40.8183488,17.4,52.6,0,0,0,0,0,6,2,-99999.9,-99999.9,31,[1],1.16,1.64
2c000014a2,2026-07-17T11:47:22.243Z,2026-07-12T00:00:39Z,140.8047616,40.8179488,-3.8,31.3,0,0,0,0,0,7,2,-99999.9,-99999.9,40,[1],1.62,3.43
2c000014a2,2026-07-17T11:47:22.293Z,2026-07-12T06:01:32Z,140.802048,40.8160672,18.9,54,0,0,0,0,0,6,2,-99999.9,-99999.9,90,[1],2.06,1.64
2c000014a2,2026-07-17T11:47:22.295Z,2026-07-12T12:00:31.01Z,140.7316096,40.831456,9.1,44.3,0,0,0,0,0,4,2,-99999.9,-99999.9,31,[1],2.81,3.64
2c000014a2,2026-07-17T11:47:22.298Z,2026-07-12T18:00:31Z,140.7316224,40.83144,10.1,45.3,0,0,0,0,0,6,2,-99999.9,-99999.9,31,[1],1.56,2.79
2c000014a2,2026-07-17T11:47:22.299Z,2026-07-13T00:00:31.01Z,140.7219968,40.7472224,90.1,125.5,0,0,0,0,0,6,2,-99999.9,-99999.9,30,[1],1.22,1.38
2c000014a2,2026-07-17T11:47:22.302Z,2026-07-13T06:00:56Z,140.7348224,40.7777696,22.6,57.9,0,0,0,0,0,6,2,-99999.9,-99999.9,57,[1],2.07,1.9
2c000014a2,2026-07-17T11:47:22.305Z,2026-07-13T12:00:31.01Z,140.4557696,40.6304256,1454.1,1490.2,14.4,0,0,0,155.9,6,2,-99999.9,-99999.9,31,[1],1.52,2.63
2c000014a2,2026-07-17T11:47:22.306Z,2026-07-13T12:02:01Z,140.4608768,40.6282304,1528.1,1564.2,13.6,0,0,0,157.4,10,2,-99999.9,-99999.9,59,[4],0.99,1.52
2c000014a2,2026-07-17T11:47:22.308Z,2026-07-13T18:00:31Z,140.3220736,40.884832,45.7,81.7,0,0,0,0,0,8,2,-99999.9,-99999.9,30,[1],1.02,1.49
2c000014a2,2026-07-17T11:47:22.309Z,2026-07-14T00:00:31Z,140.3366144,40.8971744,45.2,81.1,0,0,0,0,0,6,2,-99999.9,-99999.9,32,[1],1.06,1.31
2c000014a2,2026-07-17T11:47:22.312Z,2026-07-14T03:10:31Z,140.327872,40.8868032,27.8,63.7,0,0,0,0,0,4,2,-99999.9,-99999.9,29,[1],2.23,3.77
2c000014a2,2026-07-17T11:47:22.314Z,2026-07-14T03:50:05Z,140.328064,40.8868032,45.6,81.5,0.3,0,0,0,0,4,2,-99999.9,-99999.9,4,[2],2.66,4.54
2c000014a2,2026-07-17T11:47:22.315Z,2026-07-14T04:00:04Z,140.3282048,40.8869408,64.2,100.1,0.2,0,0,0,0,4,2,-99999.9,-99999.9,3,[2],2.69,4.33
2c000014a2,2026-07-17T11:47:22.317Z,2026-07-14T04:10:06Z,140.331392,40.886384,45.3,81.2,0.1,0,0,0,0,4,2,-99999.9,-99999.9,5,[2],2.65,3.91
2c000014a2,2026-07-17T11:47:22.363Z,2026-07-14T04:20:04Z,140.3312256,40.886144,-21.1,14.8,0.3,0,0,0,0,4,2,-99999.9,-99999.9,3,[2],2.62,3.46
2c000014a2,2026-07-17T11:47:22.366Z,2026-07-14T04:30:04Z,140.3252608,40.8884992,45.8,81.8,0.2,0,0,0,0,4,2,-99999.9,-99999.9,3,[2],2.62,3.06
2c000014a2,2026-07-17T11:47:22.367Z,2026-07-14T04:32:06Z,140.3248768,40.8885792,32.7,68.7,0.6,0,0,0,0,4,2,-99999.9,-99999.9,5,[2],2.62,3
2c000014a2,2026-07-17T11:47:22.368Z,2026-07-14T04:34:04Z,140.3255168,40.8885408,86.3,122.2,0.2,0,0,0,0,4,2,-99999.9,-99999.9,3,[2],2.62,2.93
2c000014a2,2026-07-17T11:47:22.37Z,2026-07-14T04:36:04Z,140.32544,40.8884608,62.7,98.6,0.9,0,0,0,86,4,2,-99999.9,-99999.9,3,[2],2.63,2.87
2c000014a2,2026-07-17T11:47:22.372Z,2026-07-14T04:38:04Z,140.3254144,40.8885536,35.7,71.6,0,0,0,0,0,4,2,-99999.9,-99999.9,3,[2],2.63,2.81
2c000014a2,2026-07-17T11:47:22.374Z,2026-07-14T04:40:05Z,140.3252608,40.8882208,-7.7,28.3,0.6,0,0,0,303.6,4,2,-99999.9,-99999.9,4,[2],2.63,2.76
2c000014a2,2026-07-17T11:47:22.375Z,2026-07-14T04:42:04Z,140.325376,40.888336,40.8,76.8,1.3,0,0,0,102.2,4,2,-99999.9,-99999.9,3,[2],2.63,2.71
2c000014a2,2026-07-17T11:47:22.378Z,2026-07-14T04:44:04Z,140.3251456,40.888528,48,84,0.7,0,0,0,0,4,2,-99999.9,-99999.9,3,[2],2.63,2.66
2c000014a2,2026-07-17T11:47:22.379Z,2026-07-14T04:46:11Z,140.3253504,40.8885152,53.4,89.4,0.1,0,0,0,0,4,2,-99999.9,-99999.9,10,[1],2.63,2.61
2c000014a2,2026-07-17T11:47:22.381Z,2026-07-14T04:50:08Z,140.3250176,40.8882688,-0.8,35.2,0.3,0,0,0,0,4,2,-99999.9,-99999.9,7,[2],2.63,2.53
2c000014a2,2026-07-17T11:47:22.382Z,2026-07-14T05:00:32Z,140.325184,40.888336,38.4,74.4,0,0,0,0,0,4,2,-99999.9,-99999.9,31,[1],2.94,2.89
2c000014a2,2026-07-17T11:47:22.384Z,2026-07-14T05:10:04Z,140.3256832,40.8881568,14.4,50.3,0.3,0,0,0,0,4,2,-99999.9,-99999.9,3,[2],2.66,2.64
2c000014a2,2026-07-17T11:47:22.42Z,2026-07-14T05:18:05Z,140.3251456,40.888256,58.4,94.4,2.4,0,0,0,306.6,4,2,-99999.9,-99999.9,3,[2],2.47,2.56
2c000014a2,2026-07-17T11:47:22.422Z,2026-07-14T05:20:05Z,140.3252352,40.8883552,51,87,1.1,0,0,0,125.9,4,2,-99999.9,-99999.9,4,[2],2.42,2.55
2c000014a2,2026-07-17T11:47:22.423Z,2026-07-14T05:22:12Z,140.3254656,40.8884064,83.2,119.2,1.2,0,0,0,0,4,2,-99999.9,-99999.9,11,[2],2.38,2.55
2c000014a2,2026-07-17T11:47:22.425Z,2026-07-14T05:24:05Z,140.3251968,40.8885184,20.2,56.2,1.5,0,0,0,125.9,4,2,-99999.9,-99999.9,3,[2],2.34,2.55
2c000014a2,2026-07-17T11:47:22.426Z,2026-07-14T05:26:05Z,140.324992,40.8884096,47.9,83.9,1.7,0,0,0,125.3,4,2,-99999.9,-99999.9,3,[2],2.3,2.56
2c000014a2,2026-07-17T11:47:22.428Z,2026-07-14T05:28:05Z,140.3248,40.8884352,24.5,60.5,0.1,0,0,0,0,4,2,-99999.9,-99999.9,3,[2],2.26,2.56
2c000014a2,2026-07-17T11:47:22.43Z,2026-07-14T05:30:05Z,140.3246336,40.8885984,52,88,0.2,0,0,0,0,4,2,-99999.9,-99999.9,3,[2],2.22,2.58
2c000014a2,2026-07-17T11:47:22.432Z,2026-07-14T05:32:04Z,140.3270272,40.88648,17.4,53.3,0.3,0,0,0,0,4,2,-99999.9,-99999.9,2,[2],2.19,2.59
2c000014a2,2026-07-17T11:47:22.433Z,2026-07-14T05:34:08Z,140.3269248,40.886416,7.8,43.8,0.5,0,0,0,339.1,4,2,-99999.9,-99999.9,6,[2],2.15,2.6
2c000014a2,2026-07-17T11:47:22.434Z,2026-07-14T05:36:06Z,140.3268608,40.886464,35.4,71.4,0.1,0,0,0,0,4,2,-99999.9,-99999.9,4,[2],2.12,2.62
2c000014a2,2026-07-17T11:47:22.436Z,2026-07-14T05:38:05Z,140.3274112,40.8862144,27.1,63,0.9,0,0,0,0,4,2,-99999.9,-99999.9,3,[2],2.09,2.64
2c000014a2,2026-07-17T11:47:22.437Z,2026-07-14T05:40:06Z,140.327744,40.8867296,20.4,56.3,0.4,0,0,0,0,4,2,-99999.9,-99999.9,4,[2],2.06,2.66
2c000014a2,2026-07-17T11:47:22.439Z,2026-07-14T05:42:05Z,140.3277952,40.886768,23.3,59.2,0.1,0,0,0,0,4,2,-99999.9,-99999.9,3,[2],2.04,2.68
2c000014a2,2026-07-17T11:47:22.473Z,2026-07-14T05:44:05Z,140.3273344,40.8865888,52.5,88.4,1.1,0,0,0,0,4,2,-99999.9,-99999.9,3,[2],2.01,2.7
2c000014a2,2026-07-17T11:47:22.475Z,2026-07-14T05:46:04Z,140.3272448,40.8867296,50.1,86,0,0,0,0,0,4,2,-99999.9,-99999.9,2,[2],1.99,2.73
2c000014a2,2026-07-17T11:47:22.477Z,2026-07-14T05:48:04Z,140.3271808,40.8866528,20.4,56.3,0.1,0,0,0,0,4,2,-99999.9,-99999.9,2,[2],1.97,2.75
2c000014a2,2026-07-17T11:47:22.479Z,2026-07-14T05:50:04Z,140.32768,40.8858912,27.6,63.5,0,0,0,0,0,4,2,-99999.9,-99999.9,2,[2],1.96,2.78
2c000014a2,2026-07-17T11:47:22.48Z,2026-07-14T05:52:10Z,140.327488,40.885728,-51.7,-15.7,0,0,0,0,0,4,2,-99999.9,-99999.9,8,[2],1.94,2.81
2c000014a2,2026-07-17T11:47:22.482Z,2026-07-14T05:54:03Z,140.3294976,40.8859936,46.4,82.3,13.4,0,0,0,152.5,4,2,-99999.9,-99999.9,2,[2],1.93,2.83
2c000014a2,2026-07-17T11:47:22.484Z,2026-07-14T05:55:03Z,140.3314688,40.8854176,61.2,97.1,1.4,0,0,0,136.4,4,2,-99999.9,-99999.9,2,[4],1.93,2.84
2c000014a2,2026-07-17T11:47:22.486Z,2026-07-14T05:56:15Z,140.3315072,40.8854016,16.2,52.1,0.1,0,0,0,0,4,2,-99999.9,-99999.9,14,[4],1.93,2.86
2c000014a2,2026-07-17T11:47:22.487Z,2026-07-14T05:57:07Z,140.331328,40.885056,-99.8,-63.9,0.4,0,0,0,0,4,2,-99999.9,-99999.9,6,[4],1.93,2.87
2c000014a2,2026-07-17T11:47:22.49Z,2026-07-14T06:00:31Z,140.3278976,40.8864672,25.7,61.6,0,0,0,0,0,9,2,-99999.9,-99999.9,31,[1],1.01,1.49
2c000014a2,2026-07-17T11:47:22.491Z,2026-07-14T06:10:30.99Z,140.3352064,40.8900032,38.7,74.6,0,0,0,0,0,5,2,-99999.9,-99999.9,28,[1],2.34,4.22
2c000014a2,2026-07-17T11:47:22.493Z,2026-07-14T06:22:34Z,200,200,-99999.99,-99999.99,-99999.9,0,0,0,-99999.9,-99999,-99999,-99999.9,-99999.9,151,[1],-99999.99,-99999.99
2c000014a2,2026-07-17T11:47:22.493Z,2026-07-14T07:20:39Z,140.337152,40.8886208,26.8,62.7,0,0,0,0,0,8,2,-99999.9,-99999.9,37,[1],0.94,1.74
2c000014a2,2026-07-17T11:47:22.495Z,2026-07-14T12:00:39Z,140.2175744,40.5066848,481.2,518,5.1,0,0,0,163.3,8,2,-99999.9,-99999.9,39,[1],1.1,1.6
2c000014a2,2026-07-17T11:47:22.533Z,2026-07-14T12:01:41Z,140.2192128,40.5041472,516.8,553.6,5.4,0,0,0,142.9,7,2,-99999.9,-99999.9,38,[4],1.38,1.5
2c000014a2,2026-07-17T11:47:22.535Z,2026-07-14T18:00:31Z,140.1510016,40.4520192,891.5,928.5,0.1,0,0,0,0,5,2,-99999.9,-99999.9,29,[1],1.81,2.84
2c000014a2,2026-07-17T11:47:22.537Z,2026-07-14T23:50:31.01Z,140.4411904,40.6684384,26.3,62.4,0,0,0,0,0,7,2,-99999.9,-99999.9,31,[1],1.57,2.11
2c000014a2,2026-07-17T11:47:22.539Z,2026-07-15T00:00:06Z,140.4375168,40.6685024,27.4,63.5,8.5,0,0,0,291.3,6,2,-99999.9,-99999.9,2,[1],1.62,2.07
2c000014a2,2026-07-17T11:47:22.542Z,2026-07-15T00:01:07Z,140.4374656,40.6684352,41.2,77.3,0,0,0,0,0,7,2,-99999.9,-99999.9,3,[4],1.52,1.85
2c000014a2,2026-07-17T11:47:22.544Z,2026-07-15T00:20:31.01Z,140.4388864,40.6674848,41,77.1,0,0,0,0,0,7,2,-99999.9,-99999.9,28,[1],1.32,1.71
2c000014a2,2026-07-17T11:47:22.545Z,2026-07-15T03:11:19Z,140.4394368,40.6625696,36.8,72.9,0.3,0,0,0,0,6,2,-99999.9,-99999.9,78,[1],1.77,2.63
2c000014a2,2026-07-17T11:47:22.547Z,2026-07-15T06:01:01Z,140.4372864,40.6613504,26.1,62.2,0.2,0,0,0,0,5,2,-99999.9,-99999.9,62,[1],1.83,3.76
2c000014a2,2026-07-17T11:47:22.549Z,2026-07-15T12:00:31Z,140.4881152,40.62968,33.7,69.7,0,0,0,0,0,6,2,-99999.9,-99999.9,29,[1],1.83,2.28
2c000014a2,2026-07-17T11:47:22.55Z,2026-07-15T18:00:39Z,140.6228736,40.4244224,302.4,338.5,0.4,0,0,0,0,7,2,-99999.9,-99999.9,40,[1],2.73,4.39
2c000014a2,2026-07-17T11:47:22.553Z,2026-07-15T22:50:41Z,141.1069952,39.8530912,387.6,423.3,16.5,0,0,0,167.5,6,2,-99999.9,-99999.9,40,[1],1.14,2.1
2c000014a2,2026-07-17T11:47:22.561Z,2026-07-15T22:51:05Z,141.1071104,39.849872,359.3,395,13.1,0,0,0,175.7,6,2,-99999.9,-99999.9,3,[4],1.14,2.09
2c000014a2,2026-07-17T11:47:22.563Z,2026-07-15T23:00:07Z,141.1180544,39.80936,351.1,386.8,0.1,0,0,0,0,6,2,-99999.9,-99999.9,6,[2],1.13,2.31
2c000014a2,2026-07-17T11:47:22.605Z,2026-07-15T23:10:06Z,141.1152896,39.7775968,224.5,260.2,0,0,0,0,0,5,2,-99999.9,-99999.9,5,[2],1.59,2.38
2c000014a2,2026-07-17T11:47:22.607Z,2026-07-15T23:20:05Z,141.1152896,39.777696,197.8,233.5,0.3,0,0,0,0,4,2,-99999.9,-99999.9,4,[2],2.02,3.42
2c000014a2,2026-07-17T11:47:22.609Z,2026-07-16T00:00:39Z,141.1178752,39.7776224,104.4,140.1,0,0,0,0,0,8,2,-99999.9,-99999.9,38,[1],1.62,2.07
2c000014a2,2026-07-17T11:47:22.611Z,2026-07-16T00:30:43Z,141.1142784,39.7756,234.1,269.8,0,0,0,0,0,5,2,-99999.9,-99999.9,40,[1],2,4.64
2c000014a2,2026-07-17T11:47:22.613Z,2026-07-16T01:20:32Z,141.1152384,39.7734752,219,254.7,0.1,0,0,0,0,3,2,-99999.9,-99999.9,28,[1],2.87,3.84
2c000014a2,2026-07-17T11:47:22.614Z,2026-07-16T01:30:41Z,141.1151744,39.7735072,204.6,240.3,0,0,0,0,0,4,2,-99999.9,-99999.9,38,[1],2.71,2.66
2c000014a2,2026-07-17T11:47:22.616Z,2026-07-16T06:01:02Z,141.1134592,39.7722368,221,256.7,0.3,0,0,0,0,5,2,-99999.9,-99999.9,60,[1],2.26,2.17
2c000014a2,2026-07-17T11:47:22.619Z,2026-07-16T12:00:50Z,141.1336704,39.7087296,84.8,120.5,0,0,0,0,0,4,2,-99999.9,-99999.9,50,[1],2.5,3.87
2c000014a2,2026-07-17T11:47:22.62Z,2026-07-16T18:01:02Z,141.1337088,39.7087392,192.3,228,0.2,0,0,0,0,5,2,-99999.9,-99999.9,61,[1],1.64,3.13
2c000014a2,2026-07-17T11:47:22.622Z,2026-07-17T00:00:49Z,141.124416,39.6977344,144,179.8,0.1,0,0,0,0,6,2,-99999.9,-99999.9,52,[1],2.36,3.26
2c000014a2,2026-07-17T11:47:22.628Z,2026-07-17T03:50:40.51Z,141.1249408,39.6996064,149.8,185.6,0.1,0,0,0,0,4,2,-99999.9,-99999.9,39,[2],2.48,3.62
2c000014a2,2026-07-17T11:47:22.638Z,2026-07-17T04:40:31Z,141.1259136,39.6942112,144.5,180.3,0,0,0,0,0,9,2,-99999.9,-99999.9,29,[2],1.14,1.49
2c000014a2,2026-07-17T11:47:22.64Z,2026-07-17T04:50:05Z,141.1251712,39.694528,148.7,184.5,0.2,0,0,0,0,8,2,-99999.9,-99999.9,4,[2],2.05,2.56
2c000014a2,2026-07-17T11:47:22.679Z,2026-07-17T05:00:05Z,141.1256832,39.6944032,114.7,150.5,0.9,0,0,0,160.4,9,2,-99999.9,-99999.9,4,[2],1.16,1.55
2c000014a2,2026-07-17T11:47:22.681Z,2026-07-17T05:02:05Z,141.1255168,39.6941728,140.3,176.1,0,0,0,0,0,9,2,-99999.9,-99999.9,4,[2],1.16,1.56
2c000014a2,2026-07-17T11:47:22.683Z,2026-07-17T05:04:49Z,141.1254784,39.6943168,139.6,175.4,0,0,0,0,0,6,2,-99999.9,-99999.9,48,[2],1.88,1.61
2c000014a2,2026-07-17T11:47:22.685Z,2026-07-17T05:10:06Z,141.1263232,39.6988384,148.1,183.8,0.4,0,0,0,0,5,2,-99999.9,-99999.9,4,[2],1.84,1.73
2c000014a2,2026-07-17T11:47:22.687Z,2026-07-17T05:20:05Z,141.1262976,39.6987712,153.3,189,0.6,0,0,0,0,5,2,-99999.9,-99999.9,4,[2],2.54,1.8
2c000014a2,2026-07-17T11:47:22.689Z,2026-07-17T05:30:31Z,141.1262976,39.698848,151.3,187,0,0,0,0,0,8,2,-99999.9,-99999.9,30,[2],1.06,1.71
2c000014a2,2026-07-17T11:47:22.69Z,2026-07-17T05:40:04Z,141.1263488,39.6989216,150.7,186.4,1.4,0,0,0,0,5,2,-99999.9,-99999.9,3,[2],1.59,2.35
2c000014a2,2026-07-17T11:47:22.693Z,2026-07-17T05:50:04Z,141.1262208,39.6988576,117.3,153,0.3,0,0,0,0,4,2,-99999.9,-99999.9,3,[2],1.98,3.11
2c000014a2,2026-07-17T11:47:22.695Z,2026-07-17T06:00:05Z,141.1262464,39.698832,161.1,196.8,0,0,0,0,0,6,2,-99999.9,-99999.9,4,"[1,2]",1.31,1.95
2c000014a2,2026-07-17T11:47:22.696Z,2026-07-17T06:10:04Z,141.1264128,39.6987808,156.8,192.5,0.1,0,0,0,0,6,2,-99999.9,-99999.9,3,[2],1.57,1.97
2c000014a2,2026-07-17T11:47:22.698Z,2026-07-17T06:20:04Z,141.1263872,39.6988768,151,186.7,0.6,0,0,0,0,6,2,-99999.9,-99999.9,3,[2],1.36,2.53
2c000014a2,2026-07-17T11:47:22.7Z,2026-07-17T06:30:04Z,141.1262848,39.6988064,156.8,192.5,0.2,0,0,0,0,6,2,-99999.9,-99999.9,3,[2],1.38,2.05
2c000014a2,2026-07-17T11:47:22.702Z,2026-07-17T06:40:04Z,141.1318912,39.6903168,126.1,161.8,0.1,0,0,0,0,7,2,-99999.9,-99999.9,3,[2],1.33,1.85
2c000014a2,2026-07-17T11:47:22.756Z,2026-07-17T06:50:04Z,141.1322368,39.6908384,160.1,195.8,0.3,0,0,0,0,5,2,-99999.9,-99999.9,3,[1],2.33,3.05
2c000014a2,2026-07-17T11:47:22.758Z,2026-07-17T07:01:31Z,141.1304576,39.6899296,144,179.7,0,0,0,0,0,11,2,-99999.9,-99999.9,90,[1],0.73,1.04
2c000014a2,2026-07-17T11:47:22.76Z,2026-07-17T07:21:01Z,141.1298048,39.6924352,126.6,162.3,0.1,0,0,0,0,5,2,-99999.9,-99999.9,60,[1],1.77,3.02
