Collection Time,Synchronized to Cloud,Collected By,Longitude,Latitude,Confidence,Status,,,,,,,,,,,,,,,,,,,,,,
2026-06-01T23:54:22Z,2026-06-02T00:38:12.739Z,1e00000980,141.1360352,39.716364,53,0,,,,,,,,,,,,,,,,,,,,,,
2026-06-02T23:55:28Z,2026-06-03T00:18:17.537Z,1e00000980,141.1334723,39.7165763,80,0,,,,,,,,,,,,,,,,,,,,,,
2026-06-03T12:42:24Z,2026-06-03T13:58:19.646Z,1e00000980,141.13193,39.70595,67,0,,,,,,,,,,,,,,,,,,,,,,
2026-06-04T23:26:28Z,2026-06-04T23:33:12.037Z,1e00000980,141.1327774,39.7162192,42,0,,,,,,,,,,,,,,,,,,,,,,
2026-06-05T13:48:30Z,2026-06-09T02:26:48.262Z,1e00000980,141.1194153,39.7115289,133,0,,,,,,,,,,,,,,,,,,,,,,
2026-06-09T05:46:42Z,2026-06-12T01:51:05.832Z,1e00000980,141.1363446,39.7160305,125,0,,,,,,,,,,,,,,,,,,,,,,
2026-06-10T02:41:42Z,2026-06-12T04:02:25.192Z,1e00000980,141.1366553,39.7163352,137,0,,,,,,,,,,,,,,,,,,,,,,
2026-06-12T03:58:49Z,2026-06-13T04:49:24.377Z,1e00000980,141.13251,39.714572,21,0,,,,,,,,,,,,,,,,,,,,,,
2026-06-13T23:48:23Z,2026-06-14T05:06:22.903Z,1e00000980,141.1345721,39.7129634,147,0,,,,,,,,,,,,,,,,,,,,,,
2026-06-14T10:20:58Z,2026-06-18T06:02:20.942Z,1e00000980,141.1324856,39.7057366,39,0,,,,,,,,,,,,,,,,,,,,,,
2026-06-16T02:39:02Z,2026-06-18T06:02:20.942Z,1e00000980,141.1300887,39.7136551,43,0,,,,,,,,,,,,,,,,,,,,,,
2026-06-18T08:04:10Z,2026-06-25T05:05:52.714Z,1e00000980,141.1328169,39.7156443,44,0,,,,,,,,,,,,,,,,,,,,,,
2026-06-20T00:17:18Z,2026-06-25T05:05:52.714Z,1e00000980,141.1427292,39.7093344,157,0,,,,,,,,,,,,,,,,,,,,,,
2026-05-21T23:07:31Z,2026-05-21T23:09:53.44Z,1e00000981,141.3200886,43.0498709,72,0,,,,,,,,,,,,,,,,,,,,,,
2026-05-22T23:55:49Z,2026-05-23T00:02:43.97Z,1e00000981,141.3518055,43.0748534,57,0,,,,,,,,,,,,,,,,,,,,,,
2026-05-23T23:41:50Z,2026-05-23T23:46:18.604Z,1e00000981,140.4751313,42.1575532,110,0,,,,,,,,,,,,,,,,,,,,,,
2026-05-24T23:51:14Z,2026-05-25T01:59:15.285Z,1e00000981,141.1390902,39.7145869,60,0,,,,,,,,,,,,,,,,,,,,,,
2026-05-25T23:47:09Z,2026-05-26T00:25:00.266Z,1e00000981,141.1364269,39.7165859,81,0,,,,,,,,,,,,,,,,,,,,,,
2026-05-26T23:40:20Z,2026-05-27T00:56:08.664Z,1e00000981,141.1367717,39.7161506,178,0,,,,,,,,,,,,,,,,,,,,,,
2026-05-27T23:59:19Z,2026-05-28T00:17:27.949Z,1e00000981,141.1352427,39.715831,122,0,,,,,,,,,,,,,,,,,,,,,,
2026-05-28T23:59:05Z,2026-05-29T00:07:22.301Z,1e00000981,141.1308139,39.7148867,34,0,,,,,,,,,,,,,,,,,,,,,,
2026-05-29T22:31:24Z,2026-05-29T23:56:48.342Z,1e00000981,141.1357705,39.7167676,107,0,,,,,,,,,,,,,,,,,,,,,,
2026-05-30T23:42:50Z,2026-05-30T23:55:18.952Z,1e00000981,141.1393968,39.7157546,120,0,,,,,,,,,,,,,,,,,,,,,,
2026-05-31T23:52:45Z,2026-05-31T23:54:49.609Z,1e00000981,141.1328017,39.7160569,98,0,,,,,,,,,,,,,,,,,,,,,,
2026-06-01T23:56:33Z,2026-06-02T00:04:52.401Z,1e00000981,141.1367387,39.7161376,83,0,,,,,,,,,,,,,,,,,,,,,,
2026-06-02T23:32:24Z,2026-06-02T23:51:28.262Z,1e00000981,141.1331787,39.7165565,115,0,,,,,,,,,,,,,,,,,,,,,,
2026-06-03T13:47:27Z,2026-06-03T13:59:24.198Z,1e00000981,141.1278359,39.7149602,149,0,,,,,,,,,,,,,,,,,,,,,,
2026-06-04T23:22:54Z,2026-06-04T23:31:02.568Z,1e00000981,141.1367055,39.7159342,78,0,,,,,,,,,,,,,,,,,,,,,,
2026-06-05T23:38:32Z,2026-06-06T00:28:49.971Z,1e00000981,141.1362407,39.716917,58,0,,,,,,,,,,,,,,,,,,,,,,
2026-06-06T23:11:34Z,2026-06-07T00:23:38.193Z,1e00000981,141.1326205,39.7167469,45,0,,,,,,,,,,,,,,,,,,,,,,
2026-06-07T23:58:37Z,2026-06-08T00:18:26.097Z,1e00000981,141.1366387,39.7162597,52,0,,,,,,,,,,,,,,,,,,,,,,
2026-06-08T23:28:41Z,2026-06-08T23:38:30.255Z,1e00000981,141.1361883,39.7160724,74,0,,,,,,,,,,,,,,,,,,,,,,
2026-06-09T23:07:40Z,2026-06-09T23:09:26.922Z,1e00000981,141.1361568,39.7164703,40,0,,,,,,,,,,,,,,,,,,,,,,
2026-06-10T23:59:41Z,2026-06-11T00:12:04.133Z,1e00000981,141.1368109,39.7161643,102,0,,,,,,,,,,,,,,,,,,,,,,
2026-06-11T23:54:33Z,2026-06-12T00:06:37.413Z,1e00000981,141.1355531,39.7135832,43,0,,,,,,,,,,,,,,,,,,,,,,
2026-06-12T23:25:14Z,2026-06-12T23:39:02.599Z,1e00000981,141.1342304,39.7154462,79,0,,,,,,,,,,,,,,,,,,,,,,
2026-06-13T22:50:07Z,2026-06-14T00:50:52.641Z,1e00000981,141.1339963,39.7132194,28,0,,,,,,,,,,,,,,,,,,,,,,
2026-06-14T18:55:09Z,2026-06-15T03:50:01.832Z,1e00000981,141.1317095,39.7061579,151,0,,,,,,,,,,,,,,,,,,,,,,
2026-06-15T23:33:15Z,2026-06-15T23:42:44.978Z,1e00000981,141.1236397,39.7028064,142,0,,,,,,,,,,,,,,,,,,,,,,
2026-06-16T23:37:32Z,2026-06-17T00:45:00.409Z,1e00000981,141.1197251,39.6993248,109,0,,,,,,,,,,,,,,,,,,,,,,
2026-06-17T21:35:44Z,2026-06-18T03:58:53.451Z,1e00000981,141.1242787,39.7033804,19,0,,,,,,,,,,,,,,,,,,,,,,
2026-06-18T23:35:36Z,2026-06-19T03:41:36.18Z,1e00000981,141.120429,39.7029362,121,0,,,,,,,,,,,,,,,,,,,,,,
2026-06-19T23:52:18Z,2026-06-20T01:04:10.442Z,1e00000981,141.1368147,39.7153742,118,0,,,,,,,,,,,,,,,,,,,,,,
2026-06-20T23:09:21Z,2026-06-21T01:50:43.65Z,1e00000981,141.1348942,39.7148612,71,0,,,,,,,,,,,,,,,,,,,,,,
2026-06-21T23:59:20Z,2026-06-22T01:59:32.932Z,1e00000981,141.1366599,39.7148161,69,0,,,,,,,,,,,,,,,,,,,,,,
2026-06-22T23:51:25Z,2026-06-23T00:04:09.051Z,1e00000981,141.1316389,39.7154725,48,0,,,,,,,,,,,,,,,,,,,,,,
2026-06-23T23:59:25Z,2026-06-24T00:46:22.799Z,1e00000981,141.1258783,39.7464412,98,0,,,,,,,,,,,,,,,,,,,,,,
2026-06-24T23:25:27Z,2026-06-25T01:06:40.899Z,1e00000981,141.1123301,39.7393261,145,0,,,,,,,,,,,,,,,,,,,,,,
2026-06-25T23:41:29Z,2026-06-26T03:06:06.02Z,1e00000981,141.1295213,39.7099593,98,0,,,,,,,,,,,,,,,,,,,,,,
2026-06-26T20:58:31Z,2026-06-26T21:29:05.692Z,1e00000981,141.119858,39.6988887,35,0,,,,,,,,,,,,,,,,,,,,,,
2026-06-27T23:18:31Z,2026-06-28T06:36:05.061Z,1e00000981,139.2278463,35.2988298,19,0,,,,,,,,,,,,,,,,,,,,,,
2026-06-28T19:57:35Z,2026-06-29T04:36:05.04Z,1e00000981,139.1869603,35.2926285,66,0,,,,,,,,,,,,,,,,,,,,,,
2026-06-29T20:28:35Z,2026-06-30T10:03:05.12Z,1e00000981,139.1740019,35.2951842,82,0,,,,,,,,,,,,,,,,,,,,,,
2026-06-30T20:53:37Z,2026-07-01T08:26:05.578Z,1e00000981,139.1972079,35.2943833,72,0,,,,,,,,,,,,,,,,,,,,,,
2026-07-01T20:13:54Z,2026-07-01T23:19:05.574Z,1e00000981,139.1906896,35.2924356,27,0,,,,,,,,,,,,,,,,,,,,,,
2026-06-01T23:54:14Z,2026-06-02T00:29:37.19Z,1e00000982,141.1378196,39.7144806,64,0,,,,,,,,,,,,,,,,,,,,,,
2026-06-02T23:53:17Z,2026-06-03T00:39:45.715Z,1e00000982,141.1377525,39.7100557,93,0,,,,,,,,,,,,,,,,,,,,,,
2026-06-03T13:57:14Z,2026-06-03T14:00:28.4Z,1e00000982,141.1368127,39.7064829,66,0,,,,,,,,,,,,,,,,,,,,,,
2026-06-04T23:50:18Z,2026-06-05T00:34:15.776Z,1e00000982,141.1389686,39.7144361,60,0,,,,,,,,,,,,,,,,,,,,,,
2026-06-05T23:56:20Z,2026-06-06T01:51:19.305Z,1e00000982,141.1392081,39.7143288,94,0,,,,,,,,,,,,,,,,,,,,,,
2026-06-06T23:37:22Z,2026-06-07T02:30:19.19Z,1e00000982,141.1399695,39.7119049,121,0,,,,,,,,,,,,,,,,,,,,,,
2026-06-07T23:57:22Z,2026-06-08T00:43:04.991Z,1e00000982,141.1389636,39.7140652,53,0,,,,,,,,,,,,,,,,,,,,,,
2026-06-08T23:38:21Z,2026-06-09T01:01:09.504Z,1e00000982,141.1394843,39.7153386,100,0,,,,,,,,,,,,,,,,,,,,,,
2026-06-09T23:40:26Z,2026-06-09T23:55:31.642Z,1e00000982,141.139148,39.7143914,58,0,,,,,,,,,,,,,,,,,,,,,,
2026-06-10T23:30:24Z,2026-06-10T23:40:27.43Z,1e00000982,141.1319773,39.7128987,82,0,,,,,,,,,,,,,,,,,,,,,,
2026-06-11T23:59:29Z,2026-06-12T00:09:53.027Z,1e00000982,141.1381014,39.7120832,59,0,,,,,,,,,,,,,,,,,,,,,,
2026-06-12T23:44:33Z,2026-06-12T23:48:43.574Z,1e00000982,141.1287912,39.7140955,111,0,,,,,,,,,,,,,,,,,,,,,,
2026-06-13T23:52:47Z,2026-06-14T00:18:37.272Z,1e00000982,141.1213435,39.7074083,50,0,,,,,,,,,,,,,,,,,,,,,,
2026-06-14T18:55:31Z,2026-06-15T02:02:37.963Z,1e00000982,141.1327132,39.7061622,23,0,,,,,,,,,,,,,,,,,,,,,,
2026-06-15T21:18:29Z,2026-06-16T05:28:49.006Z,1e00000982,141.1213407,39.7073979,69,0,,,,,,,,,,,,,,,,,,,,,,
2026-06-16T23:55:31Z,2026-06-17T03:39:34.683Z,1e00000982,141.1200999,39.6998582,139,0,,,,,,,,,,,,,,,,,,,,,,
2026-06-17T22:51:33Z,2026-06-18T00:19:33.671Z,1e00000982,141.1285832,39.6940918,27,0,,,,,,,,,,,,,,,,,,,,,,
2026-06-18T22:08:34Z,2026-06-19T01:27:24.815Z,1e00000982,141.1232212,39.6936209,104,0,,,,,,,,,,,,,,,,,,,,,,
2026-06-19T23:14:35Z,2026-06-20T04:20:55.304Z,1e00000982,141.1239907,39.697214,33,0,,,,,,,,,,,,,,,,,,,,,,
2026-06-20T18:54:38Z,2026-06-21T06:15:09.887Z,1e00000982,141.1326921,39.7060428,192,0,,,,,,,,,,,,,,,,,,,,,,
2026-06-21T23:12:20Z,2026-06-22T06:59:58.142Z,1e00000982,141.1198713,39.7002525,76,0,,,,,,,,,,,,,,,,,,,,,,
2026-06-22T23:21:42Z,2026-06-22T23:49:06.431Z,1e00000982,141.1353471,39.7162245,57,0,,,,,,,,,,,,,,,,,,,,,,
2026-06-23T23:47:07Z,2026-06-24T00:46:22.581Z,1e00000982,141.1025933,39.7005127,92,0,,,,,,,,,,,,,,,,,,,,,,
2026-06-24T21:51:44Z,2026-06-25T05:04:45.86Z,1e00000982,141.028271,39.7038417,43,0,,,,,,,,,,,,,,,,,,,,,,
2026-06-25T23:58:38Z,2026-06-26T04:13:05.727Z,1e00000982,141.0254658,39.7037972,168,0,,,,,,,,,,,,,,,,,,,,,,
2026-06-26T22:18:28Z,2026-06-26T22:32:05.186Z,1e00000982,141.0010842,39.7086782,82,0,,,,,,,,,,,,,,,,,,,,,,
2026-06-27T23:52:52Z,2026-06-28T00:32:05.558Z,1e00000982,141.1376121,39.7122363,93,0,,,,,,,,,,,,,,,,,,,,,,
2026-06-28T21:53:49Z,2026-06-28T22:32:05.138Z,1e00000982,141.1412736,39.7149529,29,0,,,,,,,,,,,,,,,,,,,,,,
2026-06-29T22:00:49Z,2026-06-30T00:16:04.891Z,1e00000982,141.1397507,39.6975103,108,0,,,,,,,,,,,,,,,,,,,,,,
2026-06-30T23:32:49Z,2026-07-01T02:30:05.73Z,1e00000982,141.1074666,39.6420586,35,0,,,,,,,,,,,,,,,,,,,,,,
2026-07-01T21:13:52Z,2026-07-01T21:19:05.236Z,1e00000982,141.1253852,39.6933735,147,0,,,,,,,,,,,,,,,,,,,,,,
2026-06-01T23:22:35Z,2026-06-01T23:25:06.382Z,1e00000983,141.1388269,39.7143823,74,0,,,,,,,,,,,,,,,,,,,,,,
2026-06-02T23:26:40Z,2026-06-02T23:26:49.341Z,1e00000983,141.1391078,39.714467,82,0,,,,,,,,,,,,,,,,,,,,,,
2026-06-03T11:25:12Z,2026-06-03T14:00:28.463Z,1e00000983,141.1374523,39.7166266,137,0,,,,,,,,,,,,,,,,,,,,,,
2026-06-04T23:26:35Z,2026-06-04T23:34:15.512Z,1e00000983,141.1387859,39.7143633,80,0,,,,,,,,,,,,,,,,,,,,,,
2026-06-05T23:57:50Z,2026-06-06T00:39:40.595Z,1e00000983,141.1391085,39.7143409,96,0,,,,,,,,,,,,,,,,,,,,,,
2026-06-06T23:30:32Z,2026-06-07T00:23:38.238Z,1e00000983,141.1389636,39.7140652,57,0,,,,,,,,,,,,,,,,,,,,,,
2026-06-07T23:19:49Z,2026-06-07T23:31:12.617Z,1e00000983,141.1371971,39.7141568,72,0,,,,,,,,,,,,,,,,,,,,,,
2026-06-08T23:51:06Z,2026-06-08T23:58:56.04Z,1e00000983,141.1389989,39.7149743,42,0,,,,,,,,,,,,,,,,,,,,,,
2026-06-09T23:15:25Z,2026-06-09T23:24:26.906Z,1e00000983,141.1390976,39.7152607,92,0,,,,,,,,,,,,,,,,,,,,,,
2026-06-10T23:47:40Z,2026-06-10T23:58:57.929Z,1e00000983,141.1368356,39.7149714,99,0,,,,,,,,,,,,,,,,,,,,,,
2026-06-11T23:59:40Z,2026-06-12T00:48:40.969Z,1e00000983,141.1357132,39.7136502,108,0,,,,,,,,,,,,,,,,,,,,,,
2026-06-12T23:59:44Z,2026-06-13T00:51:02.712Z,1e00000983,141.1154883,39.7100292,204,0,,,,,,,,,,,,,,,,,,,,,,
2026-06-13T23:24:15Z,2026-06-13T23:52:50.004Z,1e00000983,141.1169913,39.7067822,156,0,,,,,,,,,,,,,,,,,,,,,,
2026-06-14T23:46:57Z,2026-06-15T03:55:23.57Z,1e00000983,141.1217113,39.7059032,72,0,,,,,,,,,,,,,,,,,,,,,,
2026-06-15T22:46:37Z,2026-06-16T09:57:16.968Z,1e00000983,141.1158114,39.7023864,79,0,,,,,,,,,,,,,,,,,,,,,,
2026-06-16T23:18:36Z,2026-06-17T09:39:24.812Z,1e00000983,141.1161192,39.7084219,73,0,,,,,,,,,,,,,,,,,,,,,,
2026-06-17T22:44:14Z,2026-06-18T06:37:48.341Z,1e00000983,141.1079985,39.7034893,154,0,,,,,,,,,,,,,,,,,,,,,,
2026-06-18T23:15:15Z,2026-06-19T06:50:28.442Z,1e00000983,141.1251253,39.7094776,79,0,,,,,,,,,,,,,,,,,,,,,,
2026-06-19T23:21:53Z,2026-06-19T23:28:08.224Z,1e00000983,141.1203483,39.7179733,61,0,,,,,,,,,,,,,,,,,,,,,,
2026-06-20T22:16:52Z,2026-06-21T09:39:54.757Z,1e00000983,141.111135,39.7217378,67,0,,,,,,,,,,,,,,,,,,,,,,
2026-06-21T19:29:52Z,2026-06-22T00:50:36.846Z,1e00000983,141.1013087,39.7181819,45,0,,,,,,,,,,,,,,,,,,,,,,
2026-06-22T20:00:49Z,2026-06-22T23:25:29.291Z,1e00000983,141.0948851,39.7247173,194,0,,,,,,,,,,,,,,,,,,,,,,
2026-06-23T20:25:48Z,2026-06-24T01:14:21.345Z,1e00000983,141.1098581,39.723967,53,0,,,,,,,,,,,,,,,,,,,,,,
2026-06-24T22:16:50Z,2026-06-25T02:12:20.569Z,1e00000983,141.1217729,39.601922,37,0,,,,,,,,,,,,,,,,,,,,,,
2026-06-25T21:47:47Z,2026-06-26T06:25:11.759Z,1e00000983,141.1584863,39.492093,69,0,,,,,,,,,,,,,,,,,,,,,,
2026-06-26T23:24:12Z,2026-06-27T00:35:06.181Z,1e00000983,141.1459571,39.4970375,100,0,,,,,,,,,,,,,,,,,,,,,,
2026-06-27T23:57:47Z,2026-06-28T09:43:05.185Z,1e00000983,141.0804869,38.7776062,195,0,,,,,,,,,,,,,,,,,,,,,,
2026-06-28T23:41:13Z,2026-06-29T00:12:05.396Z,1e00000983,141.0022215,38.3173804,41,0,,,,,,,,,,,,,,,,,,,,,,
2026-06-29T21:37:46Z,2026-06-29T21:47:07.982Z,1e00000983,141.0278575,38.2985471,67,0,,,,,,,,,,,,,,,,,,,,,,
2026-06-30T23:33:32Z,2026-06-30T23:50:22.214Z,1e00000983,140.9940902,38.3105235,19,0,,,,,,,,,,,,,,,,,,,,,,
2026-07-01T21:56:35Z,2026-07-01T22:22:06.792Z,1e00000983,141.0232939,38.3020422,95,0,,,,,,,,,,,,,,,,,,,,,,
2026-06-01T23:53:42Z,2026-06-02T00:29:37.143Z,1e00000984,141.1366296,39.7160924,93,0,,,,,,,,,,,,,,,,,,,,,,
2026-06-02T23:45:47Z,2026-06-03T00:39:45.782Z,1e00000984,141.1367914,39.7161966,93,0,,,,,,,,,,,,,,,,,,,,,,
2026-06-03T13:03:47Z,2026-06-03T13:26:14.027Z,1e00000984,141.1369168,39.7159666,73,0,,,,,,,,,,,,,,,,,,,,,,
2026-06-04T23:47:54Z,2026-06-05T00:06:22.135Z,1e00000984,141.1365519,39.7159374,31,0,,,,,,,,,,,,,,,,,,,,,,
2026-06-05T23:33:59Z,2026-06-06T00:28:49.911Z,1e00000984,141.1299359,39.7164547,82,0,,,,,,,,,,,,,,,,,,,,,,
2026-06-06T23:52:05Z,2026-06-07T02:08:50.876Z,1e00000984,141.1366362,39.7161513,67,0,,,,,,,,,,,,,,,,,,,,,,
2026-06-07T23:58:07Z,2026-06-08T00:18:26.115Z,1e00000984,141.1365815,39.7162408,43,0,,,,,,,,,,,,,,,,,,,,,,
2026-06-08T23:36:12Z,2026-06-09T00:44:01.355Z,1e00000984,141.1367969,39.7161203,141,0,,,,,,,,,,,,,,,,,,,,,,
2026-06-09T23:48:19Z,2026-06-10T01:28:03.141Z,1e00000984,141.1366194,39.7161574,76,0,,,,,,,,,,,,,,,,,,,,,,
2026-06-10T23:30:22Z,2026-06-11T01:20:43.836Z,1e00000984,141.1364543,39.7159811,94,0,,,,,,,,,,,,,,,,,,,,,,
2026-06-11T23:34:27Z,2026-06-11T23:42:54.27Z,1e00000984,141.1369599,39.7154096,101,0,,,,,,,,,,,,,,,,,,,,,,
2026-06-12T23:58:33Z,2026-06-13T00:10:11.729Z,1e00000984,141.1365777,39.7157621,91,0,,,,,,,,,,,,,,,,,,,,,,
2026-06-13T23:24:36Z,2026-06-14T01:28:25.032Z,1e00000984,141.1360056,39.7165772,139,0,,,,,,,,,,,,,,,,,,,,,,
2026-06-14T23:56:42Z,2026-06-15T01:07:46.376Z,1e00000984,141.1364761,39.7163013,99,0,,,,,,,,,,,,,,,,,,,,,,
2026-06-15T23:26:50Z,2026-06-16T01:25:03.939Z,1e00000984,141.1361892,39.7162905,78,0,,,,,,,,,,,,,,,,,,,,,,
2026-06-16T23:32:50Z,2026-06-17T00:45:00.194Z,1e00000984,141.1362943,39.7160456,102,0,,,,,,,,,,,,,,,,,,,,,,
2026-06-17T23:56:56Z,2026-06-18T00:57:13.539Z,1e00000984,141.1371536,39.7152123,131,0,,,,,,,,,,,,,,,,,,,,,,
2026-06-18T23:42:59Z,2026-06-19T00:47:40.19Z,1e00000984,141.1367663,39.7160205,106,0,,,,,,,,,,,,,,,,,,,,,,
2026-06-19T23:55:04Z,2026-06-20T00:42:39.961Z,1e00000984,141.1366432,39.7148369,115,0,,,,,,,,,,,,,,,,,,,,,,
2026-06-20T23:33:10Z,2026-06-21T01:14:51.206Z,1e00000984,141.136483,39.7166293,93,0,,,,,,,,,,,,,,,,,,,,,,
2026-06-21T23:55:15Z,2026-06-22T00:50:36.91Z,1e00000984,141.1359599,39.7149728,88,0,,,,,,,,,,,,,,,,,,,,,,
2026-06-22T23:59:19Z,2026-06-23T00:24:55.259Z,1e00000984,141.1322076,39.7152344,32,0,,,,,,,,,,,,,,,,,,,,,,
2026-06-23T23:53:25Z,2026-06-24T00:09:28.299Z,1e00000984,141.1330578,39.7177854,79,0,,,,,,,,,,,,,,,,,,,,,,
2026-06-24T23:43:26Z,2026-06-25T01:06:40.753Z,1e00000984,141.1249261,39.7224235,69,0,,,,,,,,,,,,,,,,,,,,,,
2026-06-25T23:07:34Z,2026-06-25T23:31:05.987Z,1e00000984,141.1328273,39.7149612,48,0,,,,,,,,,,,,,,,,,,,,,,
2026-06-26T23:49:36Z,2026-06-27T01:02:05.487Z,1e00000984,141.1327168,39.7135981,65,0,,,,,,,,,,,,,,,,,,,,,,
2026-06-27T23:56:21Z,2026-06-28T02:58:05.28Z,1e00000984,141.1136772,39.7528494,78,0,,,,,,,,,,,,,,,,,,,,,,
2026-06-28T23:59:43Z,2026-06-29T00:40:05.081Z,1e00000984,141.1395592,39.719113,82,0,,,,,,,,,,,,,,,,,,,,,,
2026-06-29T22:35:52Z,2026-06-30T20:41:07.095Z,1e00000984,141.1670554,39.5301277,82,0,,,,,,,,,,,,,,,,,,,,,,
2026-06-30T21:34:20Z,2026-07-01T23:19:05.574Z,1e00000984,141.1318902,39.2998912,55,0,,,,,,,,,,,,,,,,,,,,,,
2026-07-01T21:41:59Z,2026-07-01T23:19:05.574Z,1e00000984,141.0072193,38.6632737,61,0,,,,,,,,,,,,,,,,,,,,,,
2026-06-01T23:51:45Z,2026-06-02T00:36:04.296Z,1e00000985,141.1361728,39.7167777,83,0,,,,,,,,,,,,,,,,,,,,,,
2026-06-02T21:06:50Z,2026-06-04T06:00:35.332Z,1e00000985,141.136555,39.7161265,57,0,,,,,,,,,,,,,,,,,,,,,,
2026-06-04T06:10:59Z,2026-06-05T00:01:00.047Z,1e00000985,141.135766,39.7158433,93,0,,,,,,,,,,,,,,,,,,,,,,
2026-06-05T12:51:11Z,2026-06-06T02:53:13.594Z,1e00000985,141.1326978,39.70615,123,0,,,,,,,,,,,,,,,,,,,,,,
2026-06-06T07:18:14Z,2026-06-07T01:06:34.383Z,1e00000985,141.136693,39.716282,151,0,,,,,,,,,,,,,,,,,,,,,,
2026-06-07T06:00:21Z,2026-06-08T23:07:28.966Z,1e00000985,141.1367226,39.7161755,62,0,,,,,,,,,,,,,,,,,,,,,,
2026-06-08T23:39:31Z,2026-06-09T00:07:30.708Z,1e00000985,141.1367645,39.7160751,67,0,,,,,,,,,,,,,,,,,,,,,,
2026-06-09T09:26:35Z,2026-06-10T01:26:58.754Z,1e00000985,141.136653,39.7156108,77,0,,,,,,,,,,,,,,,,,,,,,,
2026-06-10T23:53:44Z,2026-06-11T00:34:59.125Z,1e00000985,141.136387,39.7157584,40,0,,,,,,,,,,,,,,,,,,,,,,
2026-06-11T23:52:52Z,2026-06-12T00:14:09.546Z,1e00000985,141.1362235,39.7148857,57,0,,,,,,,,,,,,,,,,,,,,,,
2026-06-12T23:59:55Z,2026-06-13T00:45:40.97Z,1e00000985,141.1366456,39.7161993,69,0,,,,,,,,,,,,,,,,,,,,,,
2026-06-13T23:54:03Z,2026-06-14T01:25:11.964Z,1e00000985,141.1365886,39.7159774,86,0,,,,,,,,,,,,,,,,,,,,,,
2026-06-14T23:58:07Z,2026-06-15T00:37:40.918Z,1e00000985,141.1364808,39.7155485,44,0,,,,,,,,,,,,,,,,,,,,,,
2026-06-15T23:27:16Z,2026-06-15T23:51:24.952Z,1e00000985,141.1365967,39.7161115,82,0,,,,,,,,,,,,,,,,,,,,,,
2026-06-16T23:55:20Z,2026-06-17T00:32:04.491Z,1e00000985,141.1365522,39.715011,75,0,,,,,,,,,,,,,,,,,,,,,,
2026-06-17T23:56:27Z,2026-06-18T00:30:20.066Z,1e00000985,141.1366734,39.7156193,77,0,,,,,,,,,,,,,,,,,,,,,,
2026-06-18T23:44:32Z,2026-06-19T00:19:42.771Z,1e00000985,141.1355565,39.7126767,33,0,,,,,,,,,,,,,,,,,,,,,,
2026-06-19T23:28:38Z,2026-06-20T00:29:46.028Z,1e00000985,141.136718,39.7157139,86,0,,,,,,,,,,,,,,,,,,,,,,
2026-06-20T23:32:42Z,2026-06-21T01:13:45.394Z,1e00000985,141.1369053,39.7160384,59,0,,,,,,,,,,,,,,,,,,,,,,
2026-06-21T23:48:50Z,2026-06-22T00:22:34.581Z,1e00000985,141.136333,39.7161432,82,0,,,,,,,,,,,,,,,,,,,,,,
2026-06-22T23:59:56Z,2026-06-23T01:02:34.021Z,1e00000985,141.1367988,39.716104,91,0,,,,,,,,,,,,,,,,,,,,,,
2026-06-23T23:41:58Z,2026-06-23T23:43:41.943Z,1e00000985,141.128597,39.7158956,107,0,,,,,,,,,,,,,,,,,,,,,,
2026-06-24T23:58:04Z,2026-06-25T00:36:32.834Z,1e00000985,141.1315429,39.7134855,73,0,,,,,,,,,,,,,,,,,,,,,,
2026-06-25T23:42:09Z,2026-06-26T00:01:05.674Z,1e00000985,141.1336734,39.7160471,98,0,,,,,,,,,,,,,,,,,,,,,,
2026-06-26T23:24:40Z,2026-06-27T01:29:05.372Z,1e00000985,141.1334507,39.7155108,57,0,,,,,,,,,,,,,,,,,,,,,,
2026-06-27T23:13:56Z,2026-06-27T23:25:05.813Z,1e00000985,141.1334001,39.7154491,61,0,,,,,,,,,,,,,,,,,,,,,,
2026-06-28T21:40:20Z,2026-06-28T21:58:05.438Z,1e00000985,141.1294099,39.7068543,40,0,,,,,,,,,,,,,,,,,,,,,,
2026-06-29T21:36:25Z,2026-06-30T03:03:05.831Z,1e00000985,141.1311795,39.6914904,114,0,,,,,,,,,,,,,,,,,,,,,,
2026-06-30T21:30:32Z,2026-06-30T21:49:10.245Z,1e00000985,141.1280173,39.6813936,60,0,,,,,,,,,,,,,,,,,,,,,,
2026-07-01T23:39:38Z,2026-07-01T23:55:10.007Z,1e00000985,141.1024275,39.686959,105,0,,,,,,,,,,,,,,,,,,,,,,
2026-06-01T23:59:22Z,2026-06-02T05:44:09.796Z,1e00000986,141.1368177,39.7149653,115,0,,,,,,,,,,,,,,,,,,,,,,
2026-06-02T21:47:40Z,2026-06-03T10:21:57.842Z,1e00000986,141.1359858,39.7127299,100,0,,,,,,,,,,,,,,,,,,,,,,
2026-06-03T23:39:09Z,2026-06-04T05:50:39.255Z,1e00000986,141.1391199,39.7155737,191,0,,,,,,,,,,,,,,,,,,,,,,
2026-06-04T23:02:38Z,2026-06-05T10:58:35.398Z,1e00000986,141.1385786,39.7114114,57,0,,,,,,,,,,,,,,,,,,,,,,
2026-06-05T14:24:54Z,2026-06-06T07:15:06.178Z,1e00000986,141.1329832,39.7057974,81,0,,,,,,,,,,,,,,,,,,,,,,
2026-06-06T23:37:23Z,2026-06-07T09:14:01.536Z,1e00000986,141.1379235,39.711662,98,0,,,,,,,,,,,,,,,,,,,,,,
2026-06-07T12:02:02Z,2026-06-08T09:55:46.579Z,1e00000986,141.1360144,39.7193229,114,0,,,,,,,,,,,,,,,,,,,,,,
2026-06-08T13:23:06Z,2026-06-09T04:51:15.705Z,1e00000986,141.1361018,39.7193837,102,0,,,,,,,,,,,,,,,,,,,,,,
2026-06-09T23:47:44Z,2026-06-10T07:57:43.482Z,1e00000986,141.1369166,39.7153085,83,0,,,,,,,,,,,,,,,,,,,,,,
2026-06-10T23:23:27Z,2026-06-11T06:23:12.456Z,1e00000986,141.136822,39.716134,122,0,,,,,,,,,,,,,,,,,,,,,,
2026-06-11T21:10:46Z,2026-06-12T04:40:05.5Z,1e00000986,141.1373322,39.715481,77,0,,,,,,,,,,,,,,,,,,,,,,
2026-06-12T23:56:33Z,2026-06-13T14:17:30.771Z,1e00000986,141.1384534,39.7153937,191,0,,,,,,,,,,,,,,,,,,,,,,
2026-06-13T22:05:41Z,2026-06-15T00:09:42.239Z,1e00000986,141.1383558,39.7151121,42,0,,,,,,,,,,,,,,,,,,,,,,
2026-06-14T23:34:30Z,2026-06-15T03:26:26.028Z,1e00000986,141.13813,39.7151948,70,0,,,,,,,,,,,,,,,,,,,,,,
2026-06-15T12:29:42Z,2026-06-16T10:46:46.723Z,1e00000986,141.1358272,39.7196912,99,0,,,,,,,,,,,,,,,,,,,,,,
2026-06-16T12:46:38Z,2026-06-17T11:25:55.836Z,1e00000986,141.1358143,39.7197448,43,0,,,,,,,,,,,,,,,,,,,,,,
2026-06-17T16:12:51Z,2026-06-18T11:07:27.053Z,1e00000986,141.1326303,39.7057398,87,0,,,,,,,,,,,,,,,,,,,,,,
2026-06-18T22:34:38Z,2026-06-21T08:23:27.976Z,1e00000986,141.1276459,39.7167948,54,0,,,,,,,,,,,,,,,,,,,,,,
2026-06-19T09:38:07Z,2026-06-21T09:35:37.237Z,1e00000986,141.1357901,39.7057792,93,0,,,,,,,,,,,,,,,,,,,,,,
2026-06-20T09:40:06Z,2026-06-22T15:08:38.746Z,1e00000986,141.1320946,39.7087466,74,0,,,,,,,,,,,,,,,,,,,,,,
2026-06-21T23:35:00Z,2026-06-23T05:10:51.139Z,1e00000986,141.1351625,39.7143914,106,0,,,,,,,,,,,,,,,,,,,,,,
2026-06-22T23:00:04Z,2026-06-23T08:26:37.088Z,1e00000986,141.1356896,39.7147369,109,0,,,,,,,,,,,,,,,,,,,,,,
2026-06-23T14:27:22Z,2026-06-24T04:08:23.048Z,1e00000986,141.1332588,39.7055169,95,0,,,,,,,,,,,,,,,,,,,,,,
2026-06-24T23:03:51Z,2026-06-25T04:32:39.489Z,1e00000986,141.1351601,39.7271554,50,0,,,,,,,,,,,,,,,,,,,,,,
2026-06-25T15:40:32Z,2026-06-26T08:02:05.391Z,1e00000986,141.1319431,39.706143,108,0,,,,,,,,,,,,,,,,,,,,,,
2026-06-26T15:13:38Z,2026-06-28T11:18:05.114Z,1e00000986,141.1320292,39.7063796,67,0,,,,,,,,,,,,,,,,,,,,,,
2026-06-27T10:22:41Z,2026-07-01T10:06:06.034Z,1e00000986,141.1327378,39.7059671,101,0,,,,,,,,,,,,,,,,,,,,,,
2026-06-28T11:55:49Z,2026-07-01T21:19:05.236Z,1e00000986,141.1323826,39.7060106,61,0,,,,,,,,,,,,,,,,,,,,,,
2026-06-29T10:47:56Z,2026-07-01T21:19:05.236Z,1e00000986,141.1319516,39.7061584,30,0,,,,,,,,,,,,,,,,,,,,,,
2026-06-30T12:26:19Z,2026-07-01T21:19:05.236Z,1e00000986,141.132659,39.70615,24,0,,,,,,,,,,,,,,,,,,,,,,
2026-07-01T07:50:51Z,2026-07-01T21:19:05.236Z,1e00000986,141.1254283,39.6821025,124,0,,,,,,,,,,,,,,,,,,,,,,
2026-06-01T23:51:36Z,2026-06-02T00:57:31.742Z,1e00000987,141.1333299,39.7114676,64,0,,,,,,,,,,,,,,,,,,,,,,
2026-06-02T23:55:42Z,2026-06-03T00:09:41.214Z,1e00000987,141.1380782,39.7152996,100,0,,,,,,,,,,,,,,,,,,,,,,
2026-06-03T13:01:45Z,2026-06-03T13:26:14.097Z,1e00000987,141.1354122,39.7197032,80,0,,,,,,,,,,,,,,,,,,,,,,
2026-06-04T23:59:53Z,2026-06-05T00:31:03.86Z,1e00000987,141.137136,39.7153339,153,0,,,,,,,,,,,,,,,,,,,,,,
2026-06-05T23:58:43Z,2026-06-06T00:33:11.008Z,1e00000987,141.1306821,39.7150978,38,0,,,,,,,,,,,,,,,,,,,,,,
2026-06-06T23:52:06Z,2026-06-06T23:54:33.85Z,1e00000987,141.1381177,39.7153697,33,0,,,,,,,,,,,,,,,,,,,,,,
2026-06-07T23:52:09Z,2026-06-08T00:18:26.162Z,1e00000987,141.128892,39.7157168,57,0,,,,,,,,,,,,,,,,,,,,,,
2026-06-08T23:47:18Z,2026-06-08T23:56:46.65Z,1e00000987,141.1314311,39.7152103,73,0,,,,,,,,,,,,,,,,,,,,,,
2026-06-09T23:31:46Z,2026-06-09T23:44:49.107Z,1e00000987,141.1395678,39.7161603,131,0,,,,,,,,,,,,,,,,,,,,,,
2026-06-10T23:33:35Z,2026-06-19T01:55:19.232Z,1e00000987,141.1345706,39.7160081,89,0,,,,,,,,,,,,,,,,,,,,,,
2026-06-11T03:05:15Z,2026-06-18T02:40:16.821Z,1e00000987,141.1383239,39.7151491,62,0,,,,,,,,,,,,,,,,,,,,,,
2026-06-13T09:49:21Z,2026-06-20T10:18:05.785Z,1e00000987,141.1311509,39.7122125,40,0,,,,,,,,,,,,,,,,,,,,,,
2026-06-17T13:35:04Z,2026-06-24T12:58:03.567Z,1e00000987,141.132991,39.7057904,94,0,,,,,,,,,,,,,,,,,,,,,,
2026-06-26T12:08:53Z,2026-07-01T23:55:10.007Z,1e00000987,141.1319131,39.7061709,41,0,,,,,,,,,,,,,,,,,,,,,,
2026-06-30T10:26:18Z,2026-07-01T23:55:10.007Z,1e00000987,141.132792,39.7059221,167,0,,,,,,,,,,,,,,,,,,,,,,
2026-06-01T23:06:22Z,2026-06-01T23:25:06.284Z,1e00000988,141.1308805,39.7149971,52,0,,,,,,,,,,,,,,,,,,,,,,
2026-06-02T23:51:22Z,2026-06-03T00:18:17.64Z,1e00000988,141.1307339,39.715072,34,0,,,,,,,,,,,,,,,,,,,,,,
2026-06-03T12:10:46Z,2026-06-03T14:00:28.338Z,1e00000988,141.1365273,39.7161328,102,0,,,,,,,,,,,,,,,,,,,,,,
2026-06-04T23:22:34Z,2026-06-04T23:34:15.559Z,1e00000988,141.13146,39.71399,78,0,,,,,,,,,,,,,,,,,,,,,,
2026-06-05T23:18:55Z,2026-06-05T23:38:45.365Z,1e00000988,141.1313014,39.7149154,60,0,,,,,,,,,,,,,,,,,,,,,,
2026-06-06T23:06:03Z,2026-06-06T23:23:26.818Z,1e00000988,141.1336615,39.7156464,93,0,,,,,,,,,,,,,,,,,,,,,,
2026-06-07T23:46:04Z,2026-06-07T23:48:22.948Z,1e00000988,141.1300713,39.7136307,99,0,,,,,,,,,,,,,,,,,,,,,,
2026-06-08T23:25:32Z,2026-06-08T23:26:45.834Z,1e00000988,141.1367921,39.7155935,88,0,,,,,,,,,,,,,,,,,,,,,,
2026-06-09T23:54:59Z,2026-06-09T23:55:31.59Z,1e00000988,141.1378203,39.715241,104,0,,,,,,,,,,,,,,,,,,,,,,
2026-06-10T23:35:59Z,2026-06-10T23:40:27.416Z,1e00000988,141.1367122,39.7157411,77,0,,,,,,,,,,,,,,,,,,,,,,
2026-06-11T23:52:24Z,2026-06-12T00:09:52.933Z,1e00000988,141.1362129,39.7148883,67,0,,,,,,,,,,,,,,,,,,,,,,
2026-06-12T23:44:13Z,2026-06-12T23:54:04.001Z,1e00000988,141.1365495,39.716355,77,0,,,,,,,,,,,,,,,,,,,,,,
2026-06-13T23:50:14Z,2026-06-13T23:52:50.19Z,1e00000988,141.1334424,39.7138694,73,0,,,,,,,,,,,,,,,,,,,,,,
2026-06-14T23:37:21Z,2026-06-15T00:22:37.435Z,1e00000988,141.1315388,39.7134803,22,0,,,,,,,,,,,,,,,,,,,,,,
2026-06-15T23:44:48Z,2026-06-16T01:25:03.808Z,1e00000988,141.132746,39.7148907,74,0,,,,,,,,,,,,,,,,,,,,,,
2026-06-16T23:53:12Z,2026-06-17T00:34:14.678Z,1e00000988,141.1358195,39.7137752,79,0,,,,,,,,,,,,,,,,,,,,,,
2026-06-17T23:50:54Z,2026-06-18T00:57:13.507Z,1e00000988,141.1358861,39.7146569,95,0,,,,,,,,,,,,,,,,,,,,,,
2026-06-18T23:38:39Z,2026-06-18T23:42:02.553Z,1e00000988,141.1371109,39.7127356,66,0,,,,,,,,,,,,,,,,,,,,,,
2026-06-19T23:59:03Z,2026-06-20T00:25:28.576Z,1e00000988,141.1298735,39.7069313,237,0,,,,,,,,,,,,,,,,,,,,,,
2026-06-20T19:53:55Z,2026-06-21T05:26:22.145Z,1e00000988,141.1271952,39.6946382,43,0,,,,,,,,,,,,,,,,,,,,,,
2026-06-21T22:46:18Z,2026-06-22T00:50:36.746Z,1e00000988,141.1207875,39.6988075,27,0,,,,,,,,,,,,,,,,,,,,,,
2026-06-22T23:56:24Z,2026-06-23T00:24:55.116Z,1e00000988,141.140868,39.6916653,95,0,,,,,,,,,,,,,,,,,,,,,,
2026-06-23T23:20:21Z,2026-06-24T02:22:05.856Z,1e00000988,141.1209556,39.6992458,192,0,,,,,,,,,,,,,,,,,,,,,,
2026-06-24T23:44:29Z,2026-06-25T00:00:46.045Z,1e00000988,141.1307916,39.7125904,141,0,,,,,,,,,,,,,,,,,,,,,,
2026-06-25T23:50:46Z,2026-06-26T03:06:06.02Z,1e00000988,141.1229767,39.696647,54,0,,,,,,,,,,,,,,,,,,,,,,
2026-06-26T20:29:37Z,2026-06-27T01:02:05.487Z,1e00000988,141.1253249,39.6927639,135,0,,,,,,,,,,,,,,,,,,,,,,
2026-06-27T23:21:42Z,2026-06-28T02:58:05.28Z,1e00000988,141.12626,39.6953179,214,0,,,,,,,,,,,,,,,,,,,,,,
2026-06-28T23:32:51Z,2026-06-29T04:04:05.299Z,1e00000988,141.1309465,39.6993672,170,0,,,,,,,,,,,,,,,,,,,,,,
2026-06-29T22:10:50Z,2026-06-29T22:13:04.034Z,1e00000988,141.1361965,39.7121534,52,0,,,,,,,,,,,,,,,,,,,,,,
2026-06-30T20:08:51Z,2026-06-30T20:41:07.095Z,1e00000988,141.142408,39.7088923,33,0,,,,,,,,,,,,,,,,,,,,,,
2026-07-01T22:39:59Z,2026-07-01T23:19:05.574Z,1e00000988,141.1389833,39.7108962,20,0,,,,,,,,,,,,,,,,,,,,,,
2026-06-01T23:43:20Z,2026-06-01T23:51:58.755Z,1e00000989,141.1371531,39.715207,107,0,,,,,,,,,,,,,,,,,,,,,,
2026-06-02T23:45:40Z,2026-06-03T00:39:45.686Z,1e00000989,141.1363167,39.7151668,165,0,,,,,,,,,,,,,,,,,,,,,,
2026-06-03T12:58:42Z,2026-06-03T13:26:14.032Z,1e00000989,141.1361559,39.716744,102,0,,,,,,,,,,,,,,,,,,,,,,
2026-06-04T23:47:14Z,2026-06-05T00:06:21.972Z,1e00000989,141.1320485,39.7140673,98,0,,,,,,,,,,,,,,,,,,,,,,
2026-06-05T23:36:59Z,2026-06-06T00:33:11.09Z,1e00000989,141.1330366,39.7148963,27,0,,,,,,,,,,,,,,,,,,,,,,
2026-06-06T23:52:09Z,2026-06-07T00:23:38.153Z,1e00000989,141.1366408,39.7161259,51,0,,,,,,,,,,,,,,,,,,,,,,
2026-06-07T23:21:17Z,2026-06-07T23:31:12.618Z,1e00000989,141.1361849,39.7155356,111,0,,,,,,,,,,,,,,,,,,,,,,
2026-06-08T23:58:23Z,2026-06-09T00:44:01.278Z,1e00000989,141.1356597,39.7158347,82,0,,,,,,,,,,,,,,,,,,,,,,
2026-06-09T08:12:24Z,2026-06-16T09:50:47.896Z,1e00000989,141.1362017,39.715287,67,0,,,,,,,,,,,,,,,,,,,,,,
2026-06-02T23:25:58Z,2026-06-02T23:26:49.333Z,1e00000990,141.2531101,43.135082,71,0,,,,,,,,,,,,,,,,,,,,,,
2026-06-03T13:54:58Z,2026-06-03T14:00:28.359Z,1e00000990,141.3517698,43.075068,72,0,,,,,,,,,,,,,,,,,,,,,,
2026-06-04T08:17:01Z,2026-06-05T00:34:15.899Z,1e00000990,141.6345165,42.8142445,43,0,,,,,,,,,,,,,,,,,,,,,,
2026-06-05T03:47:04Z,2026-06-07T01:32:21.409Z,1e00000990,141.3516821,43.0749617,69,0,,,,,,,,,,,,,,,,,,,,,,
2026-06-07T23:59:22Z,2026-06-08T01:45:13.389Z,1e00000990,141.3303958,42.98785,91,0,,,,,,,,,,,,,,,,,,,,,,
2026-06-08T23:41:29Z,2026-06-08T23:58:56.006Z,1e00000990,141.3305497,42.9879864,76,0,,,,,,,,,,,,,,,,,,,,,,
2026-06-09T23:49:36Z,2026-06-10T00:57:57.253Z,1e00000990,141.3298252,42.9879746,82,0,,,,,,,,,,,,,,,,,,,,,,
2026-06-10T23:56:45Z,2026-06-11T00:12:04.258Z,1e00000990,141.3314487,42.9879902,50,0,,,,,,,,,,,,,,,,,,,,,,
2026-06-11T23:59:50Z,2026-06-12T00:33:35.935Z,1e00000990,141.3304846,42.9880016,33,0,,,,,,,,,,,,,,,,,,,,,,
2026-06-12T23:27:07Z,2026-06-12T23:39:02.562Z,1e00000990,141.3292302,42.9869625,86,0,,,,,,,,,,,,,,,,,,,,,,
2026-06-13T23:20:53Z,2026-06-13T23:52:50.018Z,1e00000990,141.3345237,42.9873103,168,0,,,,,,,,,,,,,,,,,,,,,,
2026-06-14T23:54:58Z,2026-06-15T00:09:42.192Z,1e00000990,141.3319862,42.9879376,82,0,,,,,,,,,,,,,,,,,,,,,,
2026-06-15T23:53:40Z,2026-06-16T00:14:14.802Z,1e00000990,141.3298008,42.9879982,96,0,,,,,,,,,,,,,,,,,,,,,,
2026-06-16T23:56:02Z,2026-06-17T00:05:04.541Z,1e00000990,141.3298093,42.9879784,82,0,,,,,,,,,,,,,,,,,,,,,,
2026-06-17T23:59:46Z,2026-06-18T00:47:32.895Z,1e00000990,141.3301177,42.988093,90,0,,,,,,,,,,,,,,,,,,,,,,
2026-06-18T23:42:17Z,2026-06-19T00:20:47.218Z,1e00000990,141.3300609,42.9879345,92,0,,,,,,,,,,,,,,,,,,,,,,
2026-06-19T23:58:29Z,2026-06-20T00:29:46.143Z,1e00000990,141.3298484,42.9872081,87,0,,,,,,,,,,,,,,,,,,,,,,
2026-06-20T23:18:03Z,2026-06-20T23:40:47.969Z,1e00000990,141.3298079,42.9879906,82,0,,,,,,,,,,,,,,,,,,,,,,
2026-06-21T23:33:46Z,2026-06-21T23:43:20.746Z,1e00000990,141.3292739,42.9874867,63,0,,,,,,,,,,,,,,,,,,,,,,
2026-06-22T23:11:29Z,2026-06-22T23:20:06.037Z,1e00000990,141.3288876,42.9871465,65,0,,,,,,,,,,,,,,,,,,,,,,
2026-06-23T23:43:37Z,2026-06-24T00:42:03.793Z,1e00000990,141.3301782,42.9871125,55,0,,,,,,,,,,,,,,,,,,,,,,
2026-06-24T23:40:44Z,2026-06-25T00:00:46.127Z,1e00000990,141.3513622,43.0070864,162,0,,,,,,,,,,,,,,,,,,,,,,
2026-06-25T23:15:47Z,2026-06-25T23:31:05.987Z,1e00000990,141.3582044,43.012358,29,0,,,,,,,,,,,,,,,,,,,,,,
2026-06-26T23:46:11Z,2026-06-27T01:02:05.487Z,1e00000990,141.3554863,43.0161002,19,0,,,,,,,,,,,,,,,,,,,,,,
2026-06-27T21:52:50Z,2026-06-27T22:54:06.135Z,1e00000990,141.3559125,43.0144668,21,0,,,,,,,,,,,,,,,,,,,,,,
2026-06-28T23:57:00Z,2026-06-29T00:40:05.081Z,1e00000990,141.448672,43.0305377,92,0,,,,,,,,,,,,,,,,,,,,,,
2026-06-29T22:04:02Z,2026-06-29T22:13:04.034Z,1e00000990,141.4608311,43.0639906,25,0,,,,,,,,,,,,,,,,,,,,,,
2026-06-30T23:04:27Z,2026-07-01T00:24:05.928Z,1e00000990,141.4411656,43.0195547,51,0,,,,,,,,,,,,,,,,,,,,,,
2026-07-01T22:48:31Z,2026-07-01T22:51:05.921Z,1e00000990,141.4297442,43.0666722,222,0,,,,,,,,,,,,,,,,,,,,,,
2026-06-01T23:39:33Z,2026-06-02T00:05:56.943Z,1e00000991,141.3308265,42.9878622,129,0,,,,,,,,,,,,,,,,,,,,,,
2026-06-02T23:49:58Z,2026-06-03T00:05:24.41Z,1e00000991,141.3296713,42.9863441,54,0,,,,,,,,,,,,,,,,,,,,,,
2026-06-03T12:52:38Z,2026-06-03T13:26:14.085Z,1e00000991,141.3331409,42.989674,19,0,,,,,,,,,,,,,,,,,,,,,,
2026-06-04T23:47:56Z,2026-06-05T00:06:22.116Z,1e00000991,141.3297771,42.9872554,82,0,,,,,,,,,,,,,,,,,,,,,,
2026-06-05T23:58:09Z,2026-06-06T02:21:40.824Z,1e00000991,141.3344284,42.9877278,133,0,,,,,,,,,,,,,,,,,,,,,,
2026-06-06T23:47:04Z,2026-06-07T00:24:42.749Z,1e00000991,141.3351249,42.9841509,54,0,,,,,,,,,,,,,,,,,,,,,,
2026-06-07T23:36:13Z,2026-06-07T23:48:23.096Z,1e00000991,141.3291889,42.9875759,83,0,,,,,,,,,,,,,,,,,,,,,,
2026-06-08T23:59:21Z,2026-06-09T00:30:03.602Z,1e00000991,141.3332485,42.9894958,67,0,,,,,,,,,,,,,,,,,,,,,,
2026-06-09T23:20:33Z,2026-06-10T00:56:52.184Z,1e00000991,141.3298486,42.9878682,115,0,,,,,,,,,,,,,,,,,,,,,,
2026-06-10T23:58:02Z,2026-06-11T00:12:04.245Z,1e00000991,141.3305213,42.9880059,155,0,,,,,,,,,,,,,,,,,,,,,,
2026-06-11T23:54:53Z,2026-06-19T07:18:22.452Z,1e00000991,141.3305207,42.9880042,48,0,,,,,,,,,,,,,,,,,,,,,,
2026-06-12T02:11:07Z,2026-06-19T01:47:48.604Z,1e00000991,141.3305229,42.9879771,50,0,,,,,,,,,,,,,,,,,,,,,,
2026-06-23T08:13:10Z,2026-06-25T05:05:52.707Z,1e00000991,141.3298279,42.9880201,82,0,,,,,,,,,,,,,,,,,,,,,,
2026-06-27T09:36:18Z,2026-07-01T21:19:05.236Z,1e00000991,141.3551687,42.9971226,54,0,,,,,,,,,,,,,,,,,,,,,,
2026-06-01T23:12:27Z,2026-06-01T23:28:21.289Z,1e00000992,141.3310283,42.9880331,41,0,,,,,,,,,,,,,,,,,,,,,,
2026-06-02T23:47:30Z,2026-06-02T23:51:28.244Z,1e00000992,141.3308784,42.9879806,67,0,,,,,,,,,,,,,,,,,,,,,,
2026-06-03T12:07:53Z,2026-06-03T13:24:04.451Z,1e00000992,141.3305777,42.9878539,183,0,,,,,,,,,,,,,,,,,,,,,,
2026-06-04T23:57:42Z,2026-06-05T00:03:08.837Z,1e00000992,141.3310254,42.9880314,98,0,,,,,,,,,,,,,,,,,,,,,,
2026-06-05T23:52:09Z,2026-06-06T00:33:11.059Z,1e00000992,141.3303566,42.9879521,96,0,,,,,,,,,,,,,,,,,,,,,,
2026-06-06T23:54:15Z,2026-06-07T01:41:59.996Z,1e00000992,141.3289437,42.9873653,77,0,,,,,,,,,,,,,,,,,,,,,,
2026-06-07T23:46:23Z,2026-06-08T01:16:17.642Z,1e00000992,141.334308,42.9889755,19,0,,,,,,,,,,,,,,,,,,,,,,
2026-06-08T23:47:29Z,2026-06-09T02:03:15.413Z,1e00000992,141.3310236,42.9880313,71,0,,,,,,,,,,,,,,,,,,,,,,
2026-06-09T23:13:33Z,2026-06-10T00:57:57.239Z,1e00000992,141.3310226,42.988031,47,0,,,,,,,,,,,,,,,,,,,,,,
2026-06-10T23:28:41Z,2026-06-10T23:58:57.807Z,1e00000992,141.3290774,42.9865058,68,0,,,,,,,,,,,,,,,,,,,,,,
2026-06-11T23:21:05Z,2026-06-11T23:29:59.027Z,1e00000992,141.3305447,42.9879729,54,0,,,,,,,,,,,,,,,,,,,,,,
2026-06-12T23:10:50Z,2026-06-12T23:18:37.617Z,1e00000992,141.3297011,42.9863217,63,0,,,,,,,,,,,,,,,,,,,,,,
2026-06-13T23:59:59Z,2026-06-14T00:18:37.19Z,1e00000992,141.3308251,42.9873749,87,0,,,,,,,,,,,,,,,,,,,,,,
2026-06-14T23:43:43Z,2026-06-14T23:51:25.331Z,1e00000992,141.3052739,42.9585431,55,0,,,,,,,,,,,,,,,,,,,,,,
2026-06-15T23:40:27Z,2026-06-15T23:43:50.173Z,1e00000992,141.3300122,42.98655,61,0,,,,,,,,,,,,,,,,,,,,,,
2026-06-16T23:57:57Z,2026-06-17T00:13:43.418Z,1e00000992,141.3317364,42.9880418,90,0,,,,,,,,,,,,,,,,,,,,,,
2026-06-17T23:33:21Z,2026-06-17T23:44:02.55Z,1e00000992,141.3309732,42.9878692,106,0,,,,,,,,,,,,,,,,,,,,,,
2026-06-18T23:46:43Z,2026-06-18T23:49:33.896Z,1e00000992,141.3297944,42.9870356,56,0,,,,,,,,,,,,,,,,,,,,,,
2026-06-19T23:58:15Z,2026-06-20T00:14:39.006Z,1e00000992,141.3304719,42.9875398,93,0,,,,,,,,,,,,,,,,,,,,,,
2026-06-20T23:31:39Z,2026-06-20T23:41:54.672Z,1e00000992,141.3298973,42.9878082,24,0,,,,,,,,,,,,,,,,,,,,,,
2026-06-21T23:10:42Z,2026-06-21T23:13:10.595Z,1e00000992,141.329212,42.987487,80,0,,,,,,,,,,,,,,,,,,,,,,
2026-06-22T23:48:51Z,2026-06-23T00:39:59.1Z,1e00000992,141.3304759,42.9880249,82,0,,,,,,,,,,,,,,,,,,,,,,
2026-06-23T23:54:15Z,2026-06-24T00:09:28.423Z,1e00000992,141.3305013,42.9899216,50,0,,,,,,,,,,,,,,,,,,,,,,
2026-06-24T23:13:25Z,2026-06-24T23:23:05.621Z,1e00000992,141.330618,42.9872846,109,0,,,,,,,,,,,,,,,,,,,,,,
2026-06-25T23:11:08Z,2026-06-25T23:31:05.987Z,1e00000992,141.3313618,42.9880343,141,0,,,,,,,,,,,,,,,,,,,,,,
2026-06-26T21:09:11Z,2026-06-26T21:29:05.692Z,1e00000992,141.3346021,42.9843889,69,0,,,,,,,,,,,,,,,,,,,,,,
2026-06-27T22:34:11Z,2026-06-27T22:54:06.135Z,1e00000992,141.3345962,42.9843915,54,0,,,,,,,,,,,,,,,,,,,,,,
2026-06-28T23:59:20Z,2026-06-29T00:40:05.081Z,1e00000992,141.3568688,43.0021094,164,0,,,,,,,,,,,,,,,,,,,,,,
2026-06-29T22:08:34Z,2026-06-29T22:13:04.034Z,1e00000992,141.322605,43.0046209,24,0,,,,,,,,,,,,,,,,,,,,,,
2026-06-30T23:55:39Z,2026-07-01T00:24:05.928Z,1e00000992,141.4617469,43.0719658,28,0,,,,,,,,,,,,,,,,,,,,,,
2026-07-01T22:48:58Z,2026-07-01T22:51:05.921Z,1e00000992,141.5020895,43.0843702,58,0,,,,,,,,,,,,,,,,,,,,,,
2026-06-01T23:45:21Z,2026-06-02T01:37:18.475Z,1e00000993,141.332269,42.9980902,110,0,,,,,,,,,,,,,,,,,,,,,,
2026-06-02T23:52:28Z,2026-06-03T00:44:03.311Z,1e00000993,141.3305221,42.9879983,60,0,,,,,,,,,,,,,,,,,,,,,,
2026-06-03T12:43:28Z,2026-06-03T13:27:17.959Z,1e00000993,141.3309256,42.9879309,57,0,,,,,,,,,,,,,,,,,,,,,,
2026-06-04T23:39:36Z,2026-06-05T03:16:59.138Z,1e00000993,141.3345319,42.9835537,152,0,,,,,,,,,,,,,,,,,,,,,,
2026-06-05T12:39:38Z,2026-06-07T02:08:50.827Z,1e00000993,141.3308666,42.990868,84,0,,,,,,,,,,,,,,,,,,,,,,
2026-06-07T09:48:43Z,2026-06-10T08:12:44.535Z,1e00000993,141.3308478,42.9879214,102,0,,,,,,,,,,,,,,,,,,,,,,
2026-06-10T23:45:07Z,2026-06-11T00:34:58.989Z,1e00000993,141.3304949,42.9879595,47,0,,,,,,,,,,,,,,,,,,,,,,
2026-06-11T23:59:05Z,2026-06-12T01:16:40.692Z,1e00000993,141.3304846,42.9880016,33,0,,,,,,,,,,,,,,,,,,,,,,
2026-06-12T23:25:10Z,2026-06-13T00:45:41.069Z,1e00000993,141.3345512,42.9913019,82,0,,,,,,,,,,,,,,,,,,,,,,
2026-06-13T23:59:15Z,2026-06-14T00:21:51.564Z,1e00000993,141.3308251,42.987375,78,0,,,,,,,,,,,,,,,,,,,,,,
2026-06-14T14:33:16Z,2026-06-15T00:37:40.897Z,1e00000993,141.3322175,42.9905064,70,0,,,,,,,,,,,,,,,,,,,,,,
2026-06-15T23:56:22Z,2026-06-16T00:50:16.341Z,1e00000993,141.3296794,42.9890034,31,0,,,,,,,,,,,,,,,,,,,,,,
2026-06-16T23:50:26Z,2026-06-17T00:32:04.519Z,1e00000993,141.3344481,42.9875355,82,0,,,,,,,,,,,,,,,,,,,,,,
2026-06-17T23:37:30Z,2026-06-18T00:30:20.019Z,1e00000993,141.3305267,42.9880049,42,0,,,,,,,,,,,,,,,,,,,,,,
2026-06-18T23:48:32Z,2026-06-19T00:19:42.793Z,1e00000993,141.3346077,42.9853999,47,0,,,,,,,,,,,,,,,,,,,,,,
2026-06-19T23:56:35Z,2026-06-20T02:19:29.915Z,1e00000993,141.3340702,42.9830446,82,0,,,,,,,,,,,,,,,,,,,,,,
2026-06-20T23:56:38Z,2026-06-21T00:46:34.429Z,1e00000993,141.3337429,42.9858086,77,0,,,,,,,,,,,,,,,,,,,,,,
2026-06-21T23:59:44Z,2026-06-22T00:22:34.455Z,1e00000993,141.3314655,42.9880621,75,0,,,,,,,,,,,,,,,,,,,,,,
2026-06-22T23:44:49Z,2026-06-23T01:02:33.85Z,1e00000993,141.3285676,42.9923637,83,0,,,,,,,,,,,,,,,,,,,,,,
2026-06-23T23:51:53Z,2026-06-24T00:39:54.337Z,1e00000993,141.3309378,42.987812,34,0,,,,,,,,,,,,,,,,,,,,,,
2026-06-24T23:57:55Z,2026-06-25T04:31:37.391Z,1e00000993,141.3309544,42.9877869,35,0,,,,,,,,,,,,,,,,,,,,,,
2026-06-25T21:00:57Z,2026-06-25T21:20:05.612Z,1e00000993,141.3278725,42.9905078,39,0,,,,,,,,,,,,,,,,,,,,,,
2026-06-26T22:52:02Z,2026-06-26T23:07:04.943Z,1e00000993,141.3350908,42.9852635,68,0,,,,,,,,,,,,,,,,,,,,,,
2026-06-27T07:43:03Z,2026-06-28T08:06:05.119Z,1e00000993,141.335225,42.9850112,23,0,,,,,,,,,,,,,,,,,,,,,,
2026-06-28T23:29:13Z,2026-06-28T23:38:05.208Z,1e00000993,141.353226,42.9986554,68,0,,,,,,,,,,,,,,,,,,,,,,
2026-06-29T09:46:15Z,2026-06-30T08:58:05.117Z,1e00000993,141.4118372,43.0781741,44,0,,,,,,,,,,,,,,,,,,,,,,
2026-06-30T10:16:19Z,2026-07-01T02:02:07.021Z,1e00000993,141.3950328,43.0818994,150,0,,,,,,,,,,,,,,,,,,,,,,
2026-07-01T19:36:24Z,2026-07-01T23:19:05.574Z,1e00000993,141.4596394,43.0716648,82,0,,,,,,,,,,,,,,,,,,,,,,
2026-06-02T23:34:43Z,2026-06-02T23:36:27.672Z,1e00000994,141.2833101,43.1141653,35,0,,,,,,,,,,,,,,,,,,,,,,
2026-06-03T13:22:05Z,2026-06-03T13:24:04.481Z,1e00000994,141.3516856,43.0745753,42,0,,,,,,,,,,,,,,,,,,,,,,
2026-06-04T23:48:59Z,2026-06-05T00:03:08.769Z,1e00000994,141.3519729,43.0749329,58,0,,,,,,,,,,,,,,,,,,,,,,
2026-06-05T06:14:13Z,2026-06-09T01:32:12.137Z,1e00000994,141.3519956,43.0750708,44,0,,,,,,,,,,,,,,,,,,,,,,
2026-06-09T08:42:35Z,2026-06-11T06:55:32.069Z,1e00000994,141.3516781,43.0751813,98,0,,,,,,,,,,,,,,,,,,,,,,
2026-06-11T23:59:26Z,2026-06-12T00:14:09.594Z,1e00000994,141.3304769,42.9879676,135,0,,,,,,,,,,,,,,,,,,,,,,
2026-06-12T23:25:34Z,2026-06-12T23:48:43.67Z,1e00000994,141.3526016,43.0461232,96,0,,,,,,,,,,,,,,,,,,,,,,
2026-06-13T23:42:00Z,2026-06-14T00:46:34.982Z,1e00000994,140.7624181,42.894774,85,0,,,,,,,,,,,,,,,,,,,,,,
2026-06-14T23:59:51Z,2026-06-15T00:54:52.943Z,1e00000994,140.7737696,42.9152189,143,0,,,,,,,,,,,,,,,,,,,,,,
2026-06-15T23:16:50Z,2026-06-15T23:42:44.99Z,1e00000994,140.7650295,42.9052796,88,0,,,,,,,,,,,,,,,,,,,,,,
2026-06-16T23:56:55Z,2026-06-17T01:05:29.151Z,1e00000994,140.7726071,42.9030252,182,0,,,,,,,,,,,,,,,,,,,,,,
2026-06-17T23:51:32Z,2026-06-18T00:24:58.36Z,1e00000994,140.7663548,42.9082694,172,0,,,,,,,,,,,,,,,,,,,,,,
2026-06-18T23:47:24Z,2026-06-18T23:49:33.937Z,1e00000994,140.7640771,42.9054679,69,0,,,,,,,,,,,,,,,,,,,,,,
2026-06-19T23:02:26Z,2026-06-19T23:15:15.097Z,1e00000994,140.7711425,42.9063689,78,0,,,,,,,,,,,,,,,,,,,,,,
2026-06-20T23:32:06Z,2026-06-20T23:41:54.809Z,1e00000994,140.7727268,42.9038998,60,0,,,,,,,,,,,,,,,,,,,,,,
2026-06-21T23:43:07Z,2026-06-22T00:22:34.686Z,1e00000994,140.7606172,42.9086627,119,0,,,,,,,,,,,,,,,,,,,,,,
2026-06-22T23:59:35Z,2026-06-23T02:08:04.703Z,1e00000994,140.7721198,42.9079987,163,0,,,,,,,,,,,,,,,,,,,,,,
2026-06-23T23:50:46Z,2026-06-24T00:39:54.281Z,1e00000994,140.7718895,42.9077374,72,0,,,,,,,,,,,,,,,,,,,,,,
2026-06-24T23:46:27Z,2026-06-24T23:52:08.161Z,1e00000994,140.7731934,42.9023205,41,0,,,,,,,,,,,,,,,,,,,,,,
2026-06-25T23:57:35Z,2026-06-26T00:01:05.674Z,1e00000994,140.7674443,42.9036857,92,0,,,,,,,,,,,,,,,,,,,,,,
2026-06-26T21:32:51Z,2026-06-26T21:56:05.423Z,1e00000994,140.7672308,42.9048515,89,0,,,,,,,,,,,,,,,,,,,,,,
2026-06-27T23:16:38Z,2026-06-27T23:25:05.813Z,1e00000994,140.7643385,42.9032212,118,0,,,,,,,,,,,,,,,,,,,,,,
2026-06-28T21:24:01Z,2026-06-28T21:58:05.438Z,1e00000994,140.7702324,42.9038858,69,0,,,,,,,,,,,,,,,,,,,,,,
2026-06-29T22:36:07Z,2026-06-29T23:13:05.603Z,1e00000994,140.767594,42.9044945,146,0,,,,,,,,,,,,,,,,,,,,,,
2026-06-30T21:29:05Z,2026-06-30T21:49:10.245Z,1e00000994,140.7725996,42.9061034,97,0,,,,,,,,,,,,,,,,,,,,,,
2026-07-01T23:26:58Z,2026-07-01T23:55:10.007Z,1e00000994,140.7717762,42.907949,172,0,,,,,,,,,,,,,,,,,,,,,,
2026-06-02T23:35:30Z,2026-06-02T23:36:27.716Z,1e00000995,141.2875355,43.1132239,41,0,,,,,,,,,,,,,,,,,,,,,,
2026-06-03T13:20:32Z,2026-06-03T13:27:18.016Z,1e00000995,141.351967,43.0748869,54,0,,,,,,,,,,,,,,,,,,,,,,
2026-06-04T23:59:37Z,2026-06-05T00:01:00.049Z,1e00000995,141.3515698,43.0745653,109,0,,,,,,,,,,,,,,,,,,,,,,
2026-06-05T08:11:54Z,2026-06-09T00:07:30.669Z,1e00000995,141.3519729,43.0749329,58,0,,,,,,,,,,,,,,,,,,,,,,
2026-06-09T23:46:59Z,2026-06-10T00:26:46.636Z,1e00000995,141.6885813,42.8762246,30,0,,,,,,,,,,,,,,,,,,,,,,
2026-06-10T05:23:58Z,2026-06-11T08:02:22.466Z,1e00000995,141.4453112,43.0061189,134,0,,,,,,,,,,,,,,,,,,,,,,
2026-06-11T23:59:31Z,2026-06-12T00:14:09.573Z,1e00000995,141.3304846,42.9880016,33,0,,,,,,,,,,,,,,,,,,,,,,
2026-06-12T23:16:10Z,2026-06-13T00:45:41.021Z,1e00000995,141.3331755,42.9843528,88,0,,,,,,,,,,,,,,,,,,,,,,
2026-06-13T23:24:00Z,2026-06-14T03:37:09.939Z,1e00000995,140.9215184,43.2136803,64,0,,,,,,,,,,,,,,,,,,,,,,
2026-06-14T23:58:43Z,2026-06-15T03:55:23.479Z,1e00000995,140.770753,43.2133487,28,0,,,,,,,,,,,,,,,,,,,,,,
2026-06-15T23:37:25Z,2026-06-16T04:23:30.128Z,1e00000995,140.7713687,43.2113222,32,0,,,,,,,,,,,,,,,,,,,,,,
2026-06-16T23:59:46Z,2026-06-17T01:42:12.354Z,1e00000995,140.7712211,43.2113824,47,0,,,,,,,,,,,,,,,,,,,,,,
2026-06-17T23:59:25Z,2026-06-18T00:30:20.069Z,1e00000995,140.7714253,43.2113558,60,0,,,,,,,,,,,,,,,,,,,,,,
2026-06-18T23:17:35Z,2026-06-19T01:26:18.661Z,1e00000995,140.7649568,43.2111051,105,0,,,,,,,,,,,,,,,,,,,,,,
2026-06-19T23:01:56Z,2026-06-20T00:29:46.065Z,1e00000995,140.7651366,43.2126843,136,0,,,,,,,,,,,,,,,,,,,,,,
2026-06-20T22:59:40Z,2026-06-21T05:39:22.377Z,1e00000995,140.7657266,43.2131622,65,0,,,,,,,,,,,,,,,,,,,,,,
2026-06-21T22:45:38Z,2026-06-22T06:53:30.549Z,1e00000995,140.7636798,43.2102096,142,0,,,,,,,,,,,,,,,,,,,,,,
2026-06-22T22:05:44Z,2026-06-23T04:13:52.403Z,1e00000995,140.7713556,43.2113307,61,0,,,,,,,,,,,,,,,,,,,,,,
2026-06-23T21:22:53Z,2026-06-24T03:06:07.665Z,1e00000995,140.7651159,43.2127016,73,0,,,,,,,,,,,,,,,,,,,,,,
2026-06-24T20:23:51Z,2026-06-25T04:54:18.247Z,1e00000995,140.7712147,43.2113892,50,0,,,,,,,,,,,,,,,,,,,,,,
2026-06-25T22:56:40Z,2026-06-26T05:16:05.434Z,1e00000995,140.7747629,43.2109773,68,0,,,,,,,,,,,,,,,,,,,,,,
2026-06-26T20:56:04Z,2026-06-27T03:07:05.96Z,1e00000995,140.7700689,43.2120901,52,0,,,,,,,,,,,,,,,,,,,,,,
2026-06-27T23:34:03Z,2026-06-28T04:33:05.465Z,1e00000995,140.7651748,43.2129933,64,0,,,,,,,,,,,,,,,,,,,,,,
2026-06-28T23:56:07Z,2026-06-29T04:36:05.04Z,1e00000995,140.7655496,43.2090857,22,0,,,,,,,,,,,,,,,,,,,,,,
2026-06-29T20:12:07Z,2026-06-30T01:22:04.984Z,1e00000995,140.7698556,43.2027441,90,0,,,,,,,,,,,,,,,,,,,,,,
2026-06-30T20:40:14Z,2026-07-01T03:02:05.586Z,1e00000995,140.771008,43.2118452,102,0,,,,,,,,,,,,,,,,,,,,,,
2026-07-01T19:32:18Z,2026-07-02T00:29:05.019Z,1e00000995,140.7832908,43.1914979,90,0,,,,,,,,,,,,,,,,,,,,,,
